tf,method,lineage,condition,present
AHR,scPRINT2,CD4,rest,1
AKAP8,scPRINT2,CD4,rest,1
AKNA,scPRINT2,CD4,rest,1
ANKZF1,scPRINT2,CD4,rest,1
ARID3A,scPRINT2,CD4,rest,1
ARID5A,scPRINT2,CD4,rest,1
ARID5B,scPRINT2,CD4,rest,1
ATF1,scPRINT2,CD4,rest,1
ATF2,scPRINT2,CD4,rest,1
ATF3,scPRINT2,CD4,rest,1
ATF4,scPRINT2,CD4,rest,1
ATF5,scPRINT2,CD4,rest,1
ATF6,scPRINT2,CD4,rest,1
ATF7,scPRINT2,CD4,rest,1
BACH1,scPRINT2,CD4,rest,1
BACH2,scPRINT2,CD4,rest,1
BATF,scPRINT2,CD4,rest,1
BATF3,scPRINT2,CD4,rest,1
BCL11A,scPRINT2,CD4,rest,1
BCL11B,scPRINT2,CD4,rest,1
BHLHE40,scPRINT2,CD4,rest,1
BPTF,scPRINT2,CD4,rest,1
BRF2,scPRINT2,CD4,rest,1
CAMTA1,scPRINT2,CD4,rest,1
CAMTA2,scPRINT2,CD4,rest,1
CARF,scPRINT2,CD4,rest,1
CDC5L,scPRINT2,CD4,rest,1
CEBPA,scPRINT2,CD4,rest,1
CEBPB,scPRINT2,CD4,rest,1
CEBPD,scPRINT2,CD4,rest,1
CEBPG,scPRINT2,CD4,rest,1
CEBPZ,scPRINT2,CD4,rest,1
CGGBP1,scPRINT2,CD4,rest,1
CHAMP1,scPRINT2,CD4,rest,1
CHCHD3,scPRINT2,CD4,rest,1
CREB1,scPRINT2,CD4,rest,1
CREB3,scPRINT2,CD4,rest,1
CREM,scPRINT2,CD4,rest,1
CSRNP1,scPRINT2,CD4,rest,1
CTCF,scPRINT2,CD4,rest,1
CUX1,scPRINT2,CD4,rest,1
DBP,scPRINT2,CD4,rest,1
DEAF1,scPRINT2,CD4,rest,1
DNMT1,scPRINT2,CD4,rest,1
DNTTIP1,scPRINT2,CD4,rest,1
DR1,scPRINT2,CD4,rest,1
DRAP1,scPRINT2,CD4,rest,1
E2F4,scPRINT2,CD4,rest,1
E2F6,scPRINT2,CD4,rest,1
EGR1,scPRINT2,CD4,rest,1
EGR2,scPRINT2,CD4,rest,1
EGR3,scPRINT2,CD4,rest,1
EGR4,scPRINT2,CD4,rest,1
ELF1,scPRINT2,CD4,rest,1
ELF2,scPRINT2,CD4,rest,1
ELF4,scPRINT2,CD4,rest,1
ELK1,scPRINT2,CD4,rest,1
ELK3,scPRINT2,CD4,rest,1
ELK4,scPRINT2,CD4,rest,1
EOMES,scPRINT2,CD4,rest,1
ERF,scPRINT2,CD4,rest,1
ESR2,scPRINT2,CD4,rest,1
ESRRA,scPRINT2,CD4,rest,1
ETS1,scPRINT2,CD4,rest,1
ETS2,scPRINT2,CD4,rest,1
ETV2,scPRINT2,CD4,rest,1
ETV6,scPRINT2,CD4,rest,1
ETV7,scPRINT2,CD4,rest,1
FAM200B,scPRINT2,CD4,rest,1
FLI1,scPRINT2,CD4,rest,1
FOSL1,scPRINT2,CD4,rest,1
FOSL2,scPRINT2,CD4,rest,1
FOXB1,scPRINT2,CD4,rest,1
FOXJ1,scPRINT2,CD4,rest,1
FOXJ3,scPRINT2,CD4,rest,1
FOXN2,scPRINT2,CD4,rest,1
FOXN3,scPRINT2,CD4,rest,1
FOXO1,scPRINT2,CD4,rest,1
FOXO3,scPRINT2,CD4,rest,1
FOXO4,scPRINT2,CD4,rest,1
FOXP1,scPRINT2,CD4,rest,1
FOXP3,scPRINT2,CD4,rest,1
GABPA,scPRINT2,CD4,rest,1
GATA1,scPRINT2,CD4,rest,1
GATA2,scPRINT2,CD4,rest,1
GATAD2A,scPRINT2,CD4,rest,1
GFI1,scPRINT2,CD4,rest,1
GLYR1,scPRINT2,CD4,rest,1
GMEB1,scPRINT2,CD4,rest,1
GPBP1,scPRINT2,CD4,rest,1
GPBP1L1,scPRINT2,CD4,rest,1
GTF3A,scPRINT2,CD4,rest,1
HBP1,scPRINT2,CD4,rest,1
HES6,scPRINT2,CD4,rest,1
HIC1,scPRINT2,CD4,rest,1
HIF1A,scPRINT2,CD4,rest,1
HINFP,scPRINT2,CD4,rest,1
HIVEP1,scPRINT2,CD4,rest,1
HIVEP2,scPRINT2,CD4,rest,1
HIVEP3,scPRINT2,CD4,rest,1
HLF,scPRINT2,CD4,rest,1
HMG20B,scPRINT2,CD4,rest,1
HMGA1,scPRINT2,CD4,rest,1
HMGN3,scPRINT2,CD4,rest,1
HOXB2,scPRINT2,CD4,rest,1
HSF1,scPRINT2,CD4,rest,1
IKZF1,scPRINT2,CD4,rest,1
IKZF4,scPRINT2,CD4,rest,1
IRF1,scPRINT2,CD4,rest,1
IRF2,scPRINT2,CD4,rest,1
IRF3,scPRINT2,CD4,rest,1
IRF4,scPRINT2,CD4,rest,1
IRF5,scPRINT2,CD4,rest,1
IRF7,scPRINT2,CD4,rest,1
IRF8,scPRINT2,CD4,rest,1
IRF9,scPRINT2,CD4,rest,1
JUN,scPRINT2,CD4,rest,1
JUNB,scPRINT2,CD4,rest,1
JUND,scPRINT2,CD4,rest,1
KCMF1,scPRINT2,CD4,rest,1
KDM2B,scPRINT2,CD4,rest,1
KDM5B,scPRINT2,CD4,rest,1
KIN,scPRINT2,CD4,rest,1
KLF10,scPRINT2,CD4,rest,1
KLF12,scPRINT2,CD4,rest,1
KLF13,scPRINT2,CD4,rest,1
KLF2,scPRINT2,CD4,rest,1
KLF3,scPRINT2,CD4,rest,1
KLF4,scPRINT2,CD4,rest,1
KLF5,scPRINT2,CD4,rest,1
KLF6,scPRINT2,CD4,rest,1
KLF9,scPRINT2,CD4,rest,1
LEF1,scPRINT2,CD4,rest,1
MAF,scPRINT2,CD4,rest,1
MAFF,scPRINT2,CD4,rest,1
MAFG,scPRINT2,CD4,rest,1
MAFK,scPRINT2,CD4,rest,1
MAX,scPRINT2,CD4,rest,1
MAZ,scPRINT2,CD4,rest,1
MBD1,scPRINT2,CD4,rest,1
MBD2,scPRINT2,CD4,rest,1
MBD3,scPRINT2,CD4,rest,1
MBD4,scPRINT2,CD4,rest,1
MEF2A,scPRINT2,CD4,rest,1
MEF2C,scPRINT2,CD4,rest,1
MEF2D,scPRINT2,CD4,rest,1
MEOX1,scPRINT2,CD4,rest,1
MLX,scPRINT2,CD4,rest,1
MTERF3,scPRINT2,CD4,rest,1
MTERF4,scPRINT2,CD4,rest,1
MTF1,scPRINT2,CD4,rest,1
MXD3,scPRINT2,CD4,rest,1
MXI1,scPRINT2,CD4,rest,1
MYB,scPRINT2,CD4,rest,1
MYBL1,scPRINT2,CD4,rest,1
MYC,scPRINT2,CD4,rest,1
NCOA3,scPRINT2,CD4,rest,1
NFAT5,scPRINT2,CD4,rest,1
NFATC1,scPRINT2,CD4,rest,1
NFATC2,scPRINT2,CD4,rest,1
NFE2L1,scPRINT2,CD4,rest,1
NFE2L2,scPRINT2,CD4,rest,1
NFE2L3,scPRINT2,CD4,rest,1
NFIB,scPRINT2,CD4,rest,1
NFIC,scPRINT2,CD4,rest,1
NFIL3,scPRINT2,CD4,rest,1
NFKB1,scPRINT2,CD4,rest,1
NFKB2,scPRINT2,CD4,rest,1
NFYA,scPRINT2,CD4,rest,1
NFYB,scPRINT2,CD4,rest,1
NFYC,scPRINT2,CD4,rest,1
NME2,scPRINT2,CD4,rest,1
NR1D2,scPRINT2,CD4,rest,1
NR1H2,scPRINT2,CD4,rest,1
NR1H3,scPRINT2,CD4,rest,1
NR2C2,scPRINT2,CD4,rest,1
NR2F6,scPRINT2,CD4,rest,1
NR3C1,scPRINT2,CD4,rest,1
NR4A1,scPRINT2,CD4,rest,1
NRF1,scPRINT2,CD4,rest,1
PA2G4,scPRINT2,CD4,rest,1
PBX2,scPRINT2,CD4,rest,1
PIN1,scPRINT2,CD4,rest,1
PITX1,scPRINT2,CD4,rest,1
PKNOX1,scPRINT2,CD4,rest,1
PLAGL2,scPRINT2,CD4,rest,1
PLSCR1,scPRINT2,CD4,rest,1
POGK,scPRINT2,CD4,rest,1
POU2F1,scPRINT2,CD4,rest,1
POU5F1B,scPRINT2,CD4,rest,1
PPARA,scPRINT2,CD4,rest,1
PPARG,scPRINT2,CD4,rest,1
PRDM1,scPRINT2,CD4,rest,1
PRDM4,scPRINT2,CD4,rest,1
PREB,scPRINT2,CD4,rest,1
PRMT3,scPRINT2,CD4,rest,1
RARA,scPRINT2,CD4,rest,1
RBCK1,scPRINT2,CD4,rest,1
RBPJ,scPRINT2,CD4,rest,1
REL,scPRINT2,CD4,rest,1
RELA,scPRINT2,CD4,rest,1
RELB,scPRINT2,CD4,rest,1
REST,scPRINT2,CD4,rest,1
REXO4,scPRINT2,CD4,rest,1
RFX5,scPRINT2,CD4,rest,1
RORA,scPRINT2,CD4,rest,1
RREB1,scPRINT2,CD4,rest,1
RUNX1,scPRINT2,CD4,rest,1
RUNX3,scPRINT2,CD4,rest,1
SATB1,scPRINT2,CD4,rest,1
SCML4,scPRINT2,CD4,rest,1
SETBP1,scPRINT2,CD4,rest,1
SKIL,scPRINT2,CD4,rest,1
SLC2A4RG,scPRINT2,CD4,rest,1
SMAD3,scPRINT2,CD4,rest,1
SNAI3,scPRINT2,CD4,rest,1
SNAPC2,scPRINT2,CD4,rest,1
SNAPC4,scPRINT2,CD4,rest,1
SNAPC5,scPRINT2,CD4,rest,1
SON,scPRINT2,CD4,rest,1
SOX4,scPRINT2,CD4,rest,1
SOX8,scPRINT2,CD4,rest,1
SP2,scPRINT2,CD4,rest,1
SP3,scPRINT2,CD4,rest,1
SP4,scPRINT2,CD4,rest,1
SPEN,scPRINT2,CD4,rest,1
SPI1,scPRINT2,CD4,rest,1
SREBF1,scPRINT2,CD4,rest,1
SREBF2,scPRINT2,CD4,rest,1
SRF,scPRINT2,CD4,rest,1
STAT1,scPRINT2,CD4,rest,1
STAT2,scPRINT2,CD4,rest,1
STAT3,scPRINT2,CD4,rest,1
STAT4,scPRINT2,CD4,rest,1
STAT5A,scPRINT2,CD4,rest,1
STAT5B,scPRINT2,CD4,rest,1
STAT6,scPRINT2,CD4,rest,1
TBP,scPRINT2,CD4,rest,1
TBPL1,scPRINT2,CD4,rest,1
TBX21,scPRINT2,CD4,rest,1
TCF12,scPRINT2,CD4,rest,1
TCF3,scPRINT2,CD4,rest,1
TCF4,scPRINT2,CD4,rest,1
TCF7,scPRINT2,CD4,rest,1
TFAP4,scPRINT2,CD4,rest,1
TFCP2,scPRINT2,CD4,rest,1
TFDP1,scPRINT2,CD4,rest,1
TGIF2,scPRINT2,CD4,rest,1
THAP1,scPRINT2,CD4,rest,1
THAP11,scPRINT2,CD4,rest,1
THAP4,scPRINT2,CD4,rest,1
THAP7,scPRINT2,CD4,rest,1
TP53,scPRINT2,CD4,rest,1
TRAFD1,scPRINT2,CD4,rest,1
TSHZ2,scPRINT2,CD4,rest,1
UBP1,scPRINT2,CD4,rest,1
USF2,scPRINT2,CD4,rest,1
VDR,scPRINT2,CD4,rest,1
XBP1,scPRINT2,CD4,rest,1
YBX1,scPRINT2,CD4,rest,1
YBX3,scPRINT2,CD4,rest,1
YY1,scPRINT2,CD4,rest,1
ZBED2,scPRINT2,CD4,rest,1
ZBTB14,scPRINT2,CD4,rest,1
ZBTB17,scPRINT2,CD4,rest,1
ZBTB18,scPRINT2,CD4,rest,1
ZBTB20,scPRINT2,CD4,rest,1
ZBTB25,scPRINT2,CD4,rest,1
ZBTB32,scPRINT2,CD4,rest,1
ZBTB39,scPRINT2,CD4,rest,1
ZBTB5,scPRINT2,CD4,rest,1
ZBTB7B,scPRINT2,CD4,rest,1
ZC3H8,scPRINT2,CD4,rest,1
ZEB1,scPRINT2,CD4,rest,1
ZFP14,scPRINT2,CD4,rest,1
ZFP82,scPRINT2,CD4,rest,1
ZFP91,scPRINT2,CD4,rest,1
ZFY,scPRINT2,CD4,rest,1
ZHX1,scPRINT2,CD4,rest,1
ZNF101,scPRINT2,CD4,rest,1
ZNF121,scPRINT2,CD4,rest,1
ZNF140,scPRINT2,CD4,rest,1
ZNF143,scPRINT2,CD4,rest,1
ZNF146,scPRINT2,CD4,rest,1
ZNF195,scPRINT2,CD4,rest,1
ZNF22,scPRINT2,CD4,rest,1
ZNF224,scPRINT2,CD4,rest,1
ZNF226,scPRINT2,CD4,rest,1
ZNF236,scPRINT2,CD4,rest,1
ZNF24,scPRINT2,CD4,rest,1
ZNF263,scPRINT2,CD4,rest,1
ZNF267,scPRINT2,CD4,rest,1
ZNF274,scPRINT2,CD4,rest,1
ZNF276,scPRINT2,CD4,rest,1
ZNF277,scPRINT2,CD4,rest,1
ZNF326,scPRINT2,CD4,rest,1
ZNF33B,scPRINT2,CD4,rest,1
ZNF354C,scPRINT2,CD4,rest,1
ZNF37A,scPRINT2,CD4,rest,1
ZNF384,scPRINT2,CD4,rest,1
ZNF397,scPRINT2,CD4,rest,1
ZNF429,scPRINT2,CD4,rest,1
ZNF430,scPRINT2,CD4,rest,1
ZNF44,scPRINT2,CD4,rest,1
ZNF440,scPRINT2,CD4,rest,1
ZNF444,scPRINT2,CD4,rest,1
ZNF48,scPRINT2,CD4,rest,1
ZNF501,scPRINT2,CD4,rest,1
ZNF511,scPRINT2,CD4,rest,1
ZNF524,scPRINT2,CD4,rest,1
ZNF544,scPRINT2,CD4,rest,1
ZNF562,scPRINT2,CD4,rest,1
ZNF563,scPRINT2,CD4,rest,1
ZNF576,scPRINT2,CD4,rest,1
ZNF580,scPRINT2,CD4,rest,1
ZNF598,scPRINT2,CD4,rest,1
ZNF609,scPRINT2,CD4,rest,1
ZNF639,scPRINT2,CD4,rest,1
ZNF644,scPRINT2,CD4,rest,1
ZNF652,scPRINT2,CD4,rest,1
ZNF655,scPRINT2,CD4,rest,1
ZNF672,scPRINT2,CD4,rest,1
ZNF706,scPRINT2,CD4,rest,1
ZNF764,scPRINT2,CD4,rest,1
ZNF766,scPRINT2,CD4,rest,1
ZNF770,scPRINT2,CD4,rest,1
ZNF780A,scPRINT2,CD4,rest,1
ZNF782,scPRINT2,CD4,rest,1
ZNF83,scPRINT2,CD4,rest,1
ZNF84,scPRINT2,CD4,rest,1
ZNF879,scPRINT2,CD4,rest,1
ZNF91,scPRINT2,CD4,rest,1
ZSCAN18,scPRINT2,CD4,rest,1
AHR,scPRINT2,CD4,act,1
AKAP8,scPRINT2,CD4,act,1
AKNA,scPRINT2,CD4,act,1
ANKZF1,scPRINT2,CD4,act,1
ARID5A,scPRINT2,CD4,act,1
ARID5B,scPRINT2,CD4,act,1
ATF1,scPRINT2,CD4,act,1
ATF3,scPRINT2,CD4,act,1
ATF4,scPRINT2,CD4,act,1
ATF5,scPRINT2,CD4,act,1
ATF6,scPRINT2,CD4,act,1
ATF7,scPRINT2,CD4,act,1
BATF,scPRINT2,CD4,act,1
BATF3,scPRINT2,CD4,act,1
BCL11B,scPRINT2,CD4,act,1
BHLHE40,scPRINT2,CD4,act,1
CAMTA1,scPRINT2,CD4,act,1
CAMTA2,scPRINT2,CD4,act,1
CARF,scPRINT2,CD4,act,1
CDC5L,scPRINT2,CD4,act,1
CEBPB,scPRINT2,CD4,act,1
CEBPG,scPRINT2,CD4,act,1
CEBPZ,scPRINT2,CD4,act,1
CGGBP1,scPRINT2,CD4,act,1
CHAMP1,scPRINT2,CD4,act,1
CHCHD3,scPRINT2,CD4,act,1
CLOCK,scPRINT2,CD4,act,1
CREB1,scPRINT2,CD4,act,1
CREB3,scPRINT2,CD4,act,1
CREB3L2,scPRINT2,CD4,act,1
CREM,scPRINT2,CD4,act,1
CRX,scPRINT2,CD4,act,1
CSRNP1,scPRINT2,CD4,act,1
DBP,scPRINT2,CD4,act,1
DDIT3,scPRINT2,CD4,act,1
DEAF1,scPRINT2,CD4,act,1
DNMT1,scPRINT2,CD4,act,1
DNTTIP1,scPRINT2,CD4,act,1
DR1,scPRINT2,CD4,act,1
DRAP1,scPRINT2,CD4,act,1
E2F1,scPRINT2,CD4,act,1
E2F3,scPRINT2,CD4,act,1
E2F4,scPRINT2,CD4,act,1
E2F6,scPRINT2,CD4,act,1
EGR1,scPRINT2,CD4,act,1
EGR2,scPRINT2,CD4,act,1
EGR3,scPRINT2,CD4,act,1
ELF1,scPRINT2,CD4,act,1
ELK1,scPRINT2,CD4,act,1
ELK3,scPRINT2,CD4,act,1
ELK4,scPRINT2,CD4,act,1
ERF,scPRINT2,CD4,act,1
ESRRA,scPRINT2,CD4,act,1
ETS1,scPRINT2,CD4,act,1
ETS2,scPRINT2,CD4,act,1
ETV5,scPRINT2,CD4,act,1
ETV6,scPRINT2,CD4,act,1
ETV7,scPRINT2,CD4,act,1
FAM200B,scPRINT2,CD4,act,1
FLI1,scPRINT2,CD4,act,1
FOS,scPRINT2,CD4,act,1
FOSB,scPRINT2,CD4,act,1
FOSL1,scPRINT2,CD4,act,1
FOSL2,scPRINT2,CD4,act,1
FOXN3,scPRINT2,CD4,act,1
FOXP1,scPRINT2,CD4,act,1
FOXP3,scPRINT2,CD4,act,1
GATA3,scPRINT2,CD4,act,1
GATAD2A,scPRINT2,CD4,act,1
GFI1,scPRINT2,CD4,act,1
GLYR1,scPRINT2,CD4,act,1
GMEB1,scPRINT2,CD4,act,1
GPBP1,scPRINT2,CD4,act,1
GPBP1L1,scPRINT2,CD4,act,1
GTF3A,scPRINT2,CD4,act,1
HBP1,scPRINT2,CD4,act,1
HIC1,scPRINT2,CD4,act,1
HIF1A,scPRINT2,CD4,act,1
HIVEP1,scPRINT2,CD4,act,1
HIVEP2,scPRINT2,CD4,act,1
HIVEP3,scPRINT2,CD4,act,1
HMBOX1,scPRINT2,CD4,act,1
HMG20B,scPRINT2,CD4,act,1
HMGA1,scPRINT2,CD4,act,1
HMGN3,scPRINT2,CD4,act,1
HOXB2,scPRINT2,CD4,act,1
HSF1,scPRINT2,CD4,act,1
IKZF1,scPRINT2,CD4,act,1
IKZF2,scPRINT2,CD4,act,1
IKZF4,scPRINT2,CD4,act,1
IRF1,scPRINT2,CD4,act,1
IRF3,scPRINT2,CD4,act,1
IRF4,scPRINT2,CD4,act,1
IRF7,scPRINT2,CD4,act,1
IRF8,scPRINT2,CD4,act,1
IRF9,scPRINT2,CD4,act,1
JUNB,scPRINT2,CD4,act,1
JUND,scPRINT2,CD4,act,1
KCMF1,scPRINT2,CD4,act,1
KDM2B,scPRINT2,CD4,act,1
KDM5B,scPRINT2,CD4,act,1
KIN,scPRINT2,CD4,act,1
KLF1,scPRINT2,CD4,act,1
KLF10,scPRINT2,CD4,act,1
KLF13,scPRINT2,CD4,act,1
KLF2,scPRINT2,CD4,act,1
KLF3,scPRINT2,CD4,act,1
LEF1,scPRINT2,CD4,act,1
MAF,scPRINT2,CD4,act,1
MAFF,scPRINT2,CD4,act,1
MAFG,scPRINT2,CD4,act,1
MAX,scPRINT2,CD4,act,1
MAZ,scPRINT2,CD4,act,1
MBD1,scPRINT2,CD4,act,1
MBD2,scPRINT2,CD4,act,1
MBD3,scPRINT2,CD4,act,1
MBD4,scPRINT2,CD4,act,1
MLX,scPRINT2,CD4,act,1
MTERF3,scPRINT2,CD4,act,1
MTERF4,scPRINT2,CD4,act,1
MTF1,scPRINT2,CD4,act,1
MXI1,scPRINT2,CD4,act,1
MYB,scPRINT2,CD4,act,1
MYC,scPRINT2,CD4,act,1
NCOA3,scPRINT2,CD4,act,1
NFAT5,scPRINT2,CD4,act,1
NFATC1,scPRINT2,CD4,act,1
NFATC2,scPRINT2,CD4,act,1
NFE2L1,scPRINT2,CD4,act,1
NFE2L2,scPRINT2,CD4,act,1
NFE2L3,scPRINT2,CD4,act,1
NFIL3,scPRINT2,CD4,act,1
NFKB1,scPRINT2,CD4,act,1
NFKB2,scPRINT2,CD4,act,1
NFYB,scPRINT2,CD4,act,1
NFYC,scPRINT2,CD4,act,1
NME2,scPRINT2,CD4,act,1
NR1D2,scPRINT2,CD4,act,1
NR1H2,scPRINT2,CD4,act,1
NR2F6,scPRINT2,CD4,act,1
NR3C1,scPRINT2,CD4,act,1
NR4A1,scPRINT2,CD4,act,1
PA2G4,scPRINT2,CD4,act,1
PAX5,scPRINT2,CD4,act,1
PBX2,scPRINT2,CD4,act,1
PIN1,scPRINT2,CD4,act,1
PKNOX1,scPRINT2,CD4,act,1
PLAGL2,scPRINT2,CD4,act,1
PLSCR1,scPRINT2,CD4,act,1
POGK,scPRINT2,CD4,act,1
PRDM1,scPRINT2,CD4,act,1
PRDM4,scPRINT2,CD4,act,1
PREB,scPRINT2,CD4,act,1
PRMT3,scPRINT2,CD4,act,1
RARA,scPRINT2,CD4,act,1
RBCK1,scPRINT2,CD4,act,1
RBPJ,scPRINT2,CD4,act,1
REL,scPRINT2,CD4,act,1
RELA,scPRINT2,CD4,act,1
RELB,scPRINT2,CD4,act,1
REXO4,scPRINT2,CD4,act,1
RFX2,scPRINT2,CD4,act,1
RFX5,scPRINT2,CD4,act,1
RORA,scPRINT2,CD4,act,1
RUNX1,scPRINT2,CD4,act,1
RUNX3,scPRINT2,CD4,act,1
SATB1,scPRINT2,CD4,act,1
SCML4,scPRINT2,CD4,act,1
SKIL,scPRINT2,CD4,act,1
SLC2A4RG,scPRINT2,CD4,act,1
SMAD3,scPRINT2,CD4,act,1
SNAI3,scPRINT2,CD4,act,1
SNAPC2,scPRINT2,CD4,act,1
SNAPC4,scPRINT2,CD4,act,1
SNAPC5,scPRINT2,CD4,act,1
SON,scPRINT2,CD4,act,1
SPEN,scPRINT2,CD4,act,1
SPIB,scPRINT2,CD4,act,1
SREBF1,scPRINT2,CD4,act,1
SREBF2,scPRINT2,CD4,act,1
SRF,scPRINT2,CD4,act,1
STAT1,scPRINT2,CD4,act,1
STAT3,scPRINT2,CD4,act,1
STAT4,scPRINT2,CD4,act,1
STAT5A,scPRINT2,CD4,act,1
STAT5B,scPRINT2,CD4,act,1
STAT6,scPRINT2,CD4,act,1
TBPL1,scPRINT2,CD4,act,1
TBX21,scPRINT2,CD4,act,1
TCF3,scPRINT2,CD4,act,1
TCF7,scPRINT2,CD4,act,1
TEAD4,scPRINT2,CD4,act,1
TFAP4,scPRINT2,CD4,act,1
TFDP1,scPRINT2,CD4,act,1
TFE3,scPRINT2,CD4,act,1
TFEB,scPRINT2,CD4,act,1
TGIF2,scPRINT2,CD4,act,1
THAP1,scPRINT2,CD4,act,1
THAP4,scPRINT2,CD4,act,1
THAP7,scPRINT2,CD4,act,1
TP53,scPRINT2,CD4,act,1
TRAFD1,scPRINT2,CD4,act,1
TSHZ2,scPRINT2,CD4,act,1
UBP1,scPRINT2,CD4,act,1
VDR,scPRINT2,CD4,act,1
XBP1,scPRINT2,CD4,act,1
YBX1,scPRINT2,CD4,act,1
YBX3,scPRINT2,CD4,act,1
YY1,scPRINT2,CD4,act,1
ZBED2,scPRINT2,CD4,act,1
ZBTB17,scPRINT2,CD4,act,1
ZBTB20,scPRINT2,CD4,act,1
ZBTB25,scPRINT2,CD4,act,1
ZBTB32,scPRINT2,CD4,act,1
ZBTB7B,scPRINT2,CD4,act,1
ZC3H8,scPRINT2,CD4,act,1
ZFP14,scPRINT2,CD4,act,1
ZFP30,scPRINT2,CD4,act,1
ZFP91,scPRINT2,CD4,act,1
ZHX1,scPRINT2,CD4,act,1
ZNF101,scPRINT2,CD4,act,1
ZNF121,scPRINT2,CD4,act,1
ZNF140,scPRINT2,CD4,act,1
ZNF146,scPRINT2,CD4,act,1
ZNF195,scPRINT2,CD4,act,1
ZNF22,scPRINT2,CD4,act,1
ZNF224,scPRINT2,CD4,act,1
ZNF239,scPRINT2,CD4,act,1
ZNF24,scPRINT2,CD4,act,1
ZNF263,scPRINT2,CD4,act,1
ZNF266,scPRINT2,CD4,act,1
ZNF267,scPRINT2,CD4,act,1
ZNF276,scPRINT2,CD4,act,1
ZNF277,scPRINT2,CD4,act,1
ZNF326,scPRINT2,CD4,act,1
ZNF33B,scPRINT2,CD4,act,1
ZNF37A,scPRINT2,CD4,act,1
ZNF397,scPRINT2,CD4,act,1
ZNF430,scPRINT2,CD4,act,1
ZNF44,scPRINT2,CD4,act,1
ZNF444,scPRINT2,CD4,act,1
ZNF48,scPRINT2,CD4,act,1
ZNF511,scPRINT2,CD4,act,1
ZNF524,scPRINT2,CD4,act,1
ZNF544,scPRINT2,CD4,act,1
ZNF562,scPRINT2,CD4,act,1
ZNF563,scPRINT2,CD4,act,1
ZNF576,scPRINT2,CD4,act,1
ZNF580,scPRINT2,CD4,act,1
ZNF598,scPRINT2,CD4,act,1
ZNF609,scPRINT2,CD4,act,1
ZNF639,scPRINT2,CD4,act,1
ZNF644,scPRINT2,CD4,act,1
ZNF652,scPRINT2,CD4,act,1
ZNF655,scPRINT2,CD4,act,1
ZNF672,scPRINT2,CD4,act,1
ZNF706,scPRINT2,CD4,act,1
ZNF766,scPRINT2,CD4,act,1
ZNF770,scPRINT2,CD4,act,1
ZNF83,scPRINT2,CD4,act,1
ZNF91,scPRINT2,CD4,act,1
ZSCAN18,scPRINT2,CD4,act,1
ZSCAN29,scPRINT2,CD4,act,1
AHR,scPRINT2,CD8,rest,1
AKAP8,scPRINT2,CD8,rest,1
AKNA,scPRINT2,CD8,rest,1
ARID3A,scPRINT2,CD8,rest,1
ARID3B,scPRINT2,CD8,rest,1
ARID5A,scPRINT2,CD8,rest,1
ARID5B,scPRINT2,CD8,rest,1
ATF1,scPRINT2,CD8,rest,1
ATF2,scPRINT2,CD8,rest,1
ATF3,scPRINT2,CD8,rest,1
ATF4,scPRINT2,CD8,rest,1
ATF5,scPRINT2,CD8,rest,1
ATF6,scPRINT2,CD8,rest,1
BACH2,scPRINT2,CD8,rest,1
BATF,scPRINT2,CD8,rest,1
BATF3,scPRINT2,CD8,rest,1
BCL11A,scPRINT2,CD8,rest,1
BCL11B,scPRINT2,CD8,rest,1
BHLHE40,scPRINT2,CD8,rest,1
BPTF,scPRINT2,CD8,rest,1
BRF2,scPRINT2,CD8,rest,1
CAMTA1,scPRINT2,CD8,rest,1
CAMTA2,scPRINT2,CD8,rest,1
CDC5L,scPRINT2,CD8,rest,1
CEBPA,scPRINT2,CD8,rest,1
CEBPB,scPRINT2,CD8,rest,1
CEBPD,scPRINT2,CD8,rest,1
CEBPG,scPRINT2,CD8,rest,1
CEBPZ,scPRINT2,CD8,rest,1
CGGBP1,scPRINT2,CD8,rest,1
CHCHD3,scPRINT2,CD8,rest,1
CLOCK,scPRINT2,CD8,rest,1
CREB1,scPRINT2,CD8,rest,1
CREB3,scPRINT2,CD8,rest,1
CREB3L2,scPRINT2,CD8,rest,1
CREB5,scPRINT2,CD8,rest,1
CREM,scPRINT2,CD8,rest,1
CRX,scPRINT2,CD8,rest,1
CSRNP1,scPRINT2,CD8,rest,1
CTCF,scPRINT2,CD8,rest,1
CUX1,scPRINT2,CD8,rest,1
DBP,scPRINT2,CD8,rest,1
DDIT3,scPRINT2,CD8,rest,1
DEAF1,scPRINT2,CD8,rest,1
DNMT1,scPRINT2,CD8,rest,1
DR1,scPRINT2,CD8,rest,1
DRAP1,scPRINT2,CD8,rest,1
E2F1,scPRINT2,CD8,rest,1
E2F3,scPRINT2,CD8,rest,1
E2F4,scPRINT2,CD8,rest,1
E2F6,scPRINT2,CD8,rest,1
EGR1,scPRINT2,CD8,rest,1
EGR2,scPRINT2,CD8,rest,1
EGR3,scPRINT2,CD8,rest,1
ELF1,scPRINT2,CD8,rest,1
ELF2,scPRINT2,CD8,rest,1
ELF4,scPRINT2,CD8,rest,1
ELK1,scPRINT2,CD8,rest,1
ELK3,scPRINT2,CD8,rest,1
ELK4,scPRINT2,CD8,rest,1
EOMES,scPRINT2,CD8,rest,1
ERF,scPRINT2,CD8,rest,1
ESR2,scPRINT2,CD8,rest,1
ESRRA,scPRINT2,CD8,rest,1
ETS1,scPRINT2,CD8,rest,1
ETS2,scPRINT2,CD8,rest,1
ETV2,scPRINT2,CD8,rest,1
ETV6,scPRINT2,CD8,rest,1
ETV7,scPRINT2,CD8,rest,1
FOS,scPRINT2,CD8,rest,1
FOSL1,scPRINT2,CD8,rest,1
FOSL2,scPRINT2,CD8,rest,1
FOXB1,scPRINT2,CD8,rest,1
FOXJ1,scPRINT2,CD8,rest,1
FOXJ3,scPRINT2,CD8,rest,1
FOXN2,scPRINT2,CD8,rest,1
FOXN3,scPRINT2,CD8,rest,1
FOXO1,scPRINT2,CD8,rest,1
FOXO3,scPRINT2,CD8,rest,1
FOXO4,scPRINT2,CD8,rest,1
FOXP3,scPRINT2,CD8,rest,1
GABPA,scPRINT2,CD8,rest,1
GATA1,scPRINT2,CD8,rest,1
GATA2,scPRINT2,CD8,rest,1
GATA3,scPRINT2,CD8,rest,1
GATAD2A,scPRINT2,CD8,rest,1
GFI1,scPRINT2,CD8,rest,1
GFI1B,scPRINT2,CD8,rest,1
GMEB1,scPRINT2,CD8,rest,1
GPBP1,scPRINT2,CD8,rest,1
GPBP1L1,scPRINT2,CD8,rest,1
GTF2B,scPRINT2,CD8,rest,1
HES6,scPRINT2,CD8,rest,1
HIC1,scPRINT2,CD8,rest,1
HIF1A,scPRINT2,CD8,rest,1
HINFP,scPRINT2,CD8,rest,1
HIVEP2,scPRINT2,CD8,rest,1
HIVEP3,scPRINT2,CD8,rest,1
HLF,scPRINT2,CD8,rest,1
HMBOX1,scPRINT2,CD8,rest,1
HMG20B,scPRINT2,CD8,rest,1
HMGA1,scPRINT2,CD8,rest,1
HOXB2,scPRINT2,CD8,rest,1
HSF1,scPRINT2,CD8,rest,1
IKZF1,scPRINT2,CD8,rest,1
IKZF2,scPRINT2,CD8,rest,1
IKZF3,scPRINT2,CD8,rest,1
IRF1,scPRINT2,CD8,rest,1
IRF2,scPRINT2,CD8,rest,1
IRF3,scPRINT2,CD8,rest,1
IRF4,scPRINT2,CD8,rest,1
IRF5,scPRINT2,CD8,rest,1
IRF7,scPRINT2,CD8,rest,1
IRF8,scPRINT2,CD8,rest,1
IRF9,scPRINT2,CD8,rest,1
JUN,scPRINT2,CD8,rest,1
JUNB,scPRINT2,CD8,rest,1
JUND,scPRINT2,CD8,rest,1
KCMF1,scPRINT2,CD8,rest,1
KDM5B,scPRINT2,CD8,rest,1
KLF10,scPRINT2,CD8,rest,1
KLF12,scPRINT2,CD8,rest,1
KLF13,scPRINT2,CD8,rest,1
KLF2,scPRINT2,CD8,rest,1
KLF3,scPRINT2,CD8,rest,1
KLF5,scPRINT2,CD8,rest,1
KLF6,scPRINT2,CD8,rest,1
KLF9,scPRINT2,CD8,rest,1
LEF1,scPRINT2,CD8,rest,1
MAF,scPRINT2,CD8,rest,1
MAFB,scPRINT2,CD8,rest,1
MAFF,scPRINT2,CD8,rest,1
MAFG,scPRINT2,CD8,rest,1
MAFK,scPRINT2,CD8,rest,1
MAX,scPRINT2,CD8,rest,1
MAZ,scPRINT2,CD8,rest,1
MBD2,scPRINT2,CD8,rest,1
MBD3,scPRINT2,CD8,rest,1
MBD4,scPRINT2,CD8,rest,1
MEF2A,scPRINT2,CD8,rest,1
MEF2D,scPRINT2,CD8,rest,1
MEOX1,scPRINT2,CD8,rest,1
MLX,scPRINT2,CD8,rest,1
MSC,scPRINT2,CD8,rest,1
MXD3,scPRINT2,CD8,rest,1
MXI1,scPRINT2,CD8,rest,1
MYBL1,scPRINT2,CD8,rest,1
MYC,scPRINT2,CD8,rest,1
NCOA2,scPRINT2,CD8,rest,1
NCOA3,scPRINT2,CD8,rest,1
NFAT5,scPRINT2,CD8,rest,1
NFATC1,scPRINT2,CD8,rest,1
NFATC2,scPRINT2,CD8,rest,1
NFE2L1,scPRINT2,CD8,rest,1
NFE2L2,scPRINT2,CD8,rest,1
NFE2L3,scPRINT2,CD8,rest,1
NFIB,scPRINT2,CD8,rest,1
NFIC,scPRINT2,CD8,rest,1
NFIL3,scPRINT2,CD8,rest,1
NFKB1,scPRINT2,CD8,rest,1
NFKB2,scPRINT2,CD8,rest,1
NFYA,scPRINT2,CD8,rest,1
NFYB,scPRINT2,CD8,rest,1
NFYC,scPRINT2,CD8,rest,1
NME2,scPRINT2,CD8,rest,1
NR1D2,scPRINT2,CD8,rest,1
NR1H2,scPRINT2,CD8,rest,1
NR1H3,scPRINT2,CD8,rest,1
NR2C2,scPRINT2,CD8,rest,1
NR2F6,scPRINT2,CD8,rest,1
NR4A1,scPRINT2,CD8,rest,1
NRF1,scPRINT2,CD8,rest,1
PA2G4,scPRINT2,CD8,rest,1
PBX4,scPRINT2,CD8,rest,1
PIN1,scPRINT2,CD8,rest,1
PITX1,scPRINT2,CD8,rest,1
PKNOX1,scPRINT2,CD8,rest,1
PLAGL2,scPRINT2,CD8,rest,1
PLSCR1,scPRINT2,CD8,rest,1
POGK,scPRINT2,CD8,rest,1
POU2F1,scPRINT2,CD8,rest,1
POU2F2,scPRINT2,CD8,rest,1
POU5F1B,scPRINT2,CD8,rest,1
PPARA,scPRINT2,CD8,rest,1
PPARG,scPRINT2,CD8,rest,1
PRDM1,scPRINT2,CD8,rest,1
PREB,scPRINT2,CD8,rest,1
RARA,scPRINT2,CD8,rest,1
RBCK1,scPRINT2,CD8,rest,1
RBPJ,scPRINT2,CD8,rest,1
REL,scPRINT2,CD8,rest,1
RELA,scPRINT2,CD8,rest,1
RELB,scPRINT2,CD8,rest,1
REST,scPRINT2,CD8,rest,1
REXO4,scPRINT2,CD8,rest,1
RFX2,scPRINT2,CD8,rest,1
RFX5,scPRINT2,CD8,rest,1
RORA,scPRINT2,CD8,rest,1
RREB1,scPRINT2,CD8,rest,1
RUNX1,scPRINT2,CD8,rest,1
RUNX3,scPRINT2,CD8,rest,1
SAFB,scPRINT2,CD8,rest,1
SATB1,scPRINT2,CD8,rest,1
SCML4,scPRINT2,CD8,rest,1
SETBP1,scPRINT2,CD8,rest,1
SKIL,scPRINT2,CD8,rest,1
SMAD3,scPRINT2,CD8,rest,1
SNAI3,scPRINT2,CD8,rest,1
SNAPC2,scPRINT2,CD8,rest,1
SNAPC5,scPRINT2,CD8,rest,1
SOX2,scPRINT2,CD8,rest,1
SOX4,scPRINT2,CD8,rest,1
SOX8,scPRINT2,CD8,rest,1
SP2,scPRINT2,CD8,rest,1
SP3,scPRINT2,CD8,rest,1
SP4,scPRINT2,CD8,rest,1
SPEN,scPRINT2,CD8,rest,1
SPI1,scPRINT2,CD8,rest,1
SPIB,scPRINT2,CD8,rest,1
SREBF1,scPRINT2,CD8,rest,1
SREBF2,scPRINT2,CD8,rest,1
SRF,scPRINT2,CD8,rest,1
STAT1,scPRINT2,CD8,rest,1
STAT2,scPRINT2,CD8,rest,1
STAT3,scPRINT2,CD8,rest,1
STAT5A,scPRINT2,CD8,rest,1
STAT5B,scPRINT2,CD8,rest,1
STAT6,scPRINT2,CD8,rest,1
TBP,scPRINT2,CD8,rest,1
TBPL1,scPRINT2,CD8,rest,1
TBX21,scPRINT2,CD8,rest,1
TCF12,scPRINT2,CD8,rest,1
TCF3,scPRINT2,CD8,rest,1
TCF4,scPRINT2,CD8,rest,1
TCF7,scPRINT2,CD8,rest,1
TEAD1,scPRINT2,CD8,rest,1
TFCP2,scPRINT2,CD8,rest,1
TFDP1,scPRINT2,CD8,rest,1
TFE3,scPRINT2,CD8,rest,1
TGIF2,scPRINT2,CD8,rest,1
THAP1,scPRINT2,CD8,rest,1
THAP11,scPRINT2,CD8,rest,1
THAP7,scPRINT2,CD8,rest,1
TMF1,scPRINT2,CD8,rest,1
TP53,scPRINT2,CD8,rest,1
TRAFD1,scPRINT2,CD8,rest,1
UBP1,scPRINT2,CD8,rest,1
USF2,scPRINT2,CD8,rest,1
VDR,scPRINT2,CD8,rest,1
XBP1,scPRINT2,CD8,rest,1
YBX1,scPRINT2,CD8,rest,1
YBX3,scPRINT2,CD8,rest,1
YY1,scPRINT2,CD8,rest,1
ZBED2,scPRINT2,CD8,rest,1
ZBTB14,scPRINT2,CD8,rest,1
ZBTB17,scPRINT2,CD8,rest,1
ZBTB18,scPRINT2,CD8,rest,1
ZBTB20,scPRINT2,CD8,rest,1
ZBTB32,scPRINT2,CD8,rest,1
ZBTB39,scPRINT2,CD8,rest,1
ZBTB5,scPRINT2,CD8,rest,1
ZBTB7B,scPRINT2,CD8,rest,1
ZC3H8,scPRINT2,CD8,rest,1
ZEB1,scPRINT2,CD8,rest,1
ZFP14,scPRINT2,CD8,rest,1
ZFP30,scPRINT2,CD8,rest,1
ZFP82,scPRINT2,CD8,rest,1
ZFY,scPRINT2,CD8,rest,1
ZNF143,scPRINT2,CD8,rest,1
ZNF146,scPRINT2,CD8,rest,1
ZNF22,scPRINT2,CD8,rest,1
ZNF226,scPRINT2,CD8,rest,1
ZNF236,scPRINT2,CD8,rest,1
ZNF24,scPRINT2,CD8,rest,1
ZNF263,scPRINT2,CD8,rest,1
ZNF266,scPRINT2,CD8,rest,1
ZNF267,scPRINT2,CD8,rest,1
ZNF274,scPRINT2,CD8,rest,1
ZNF281,scPRINT2,CD8,rest,1
ZNF292,scPRINT2,CD8,rest,1
ZNF354C,scPRINT2,CD8,rest,1
ZNF37A,scPRINT2,CD8,rest,1
ZNF384,scPRINT2,CD8,rest,1
ZNF429,scPRINT2,CD8,rest,1
ZNF440,scPRINT2,CD8,rest,1
ZNF444,scPRINT2,CD8,rest,1
ZNF501,scPRINT2,CD8,rest,1
ZNF511,scPRINT2,CD8,rest,1
ZNF580,scPRINT2,CD8,rest,1
ZNF598,scPRINT2,CD8,rest,1
ZNF639,scPRINT2,CD8,rest,1
ZNF655,scPRINT2,CD8,rest,1
ZNF683,scPRINT2,CD8,rest,1
ZNF706,scPRINT2,CD8,rest,1
ZNF764,scPRINT2,CD8,rest,1
ZNF770,scPRINT2,CD8,rest,1
ZNF780A,scPRINT2,CD8,rest,1
ZNF782,scPRINT2,CD8,rest,1
ZNF84,scPRINT2,CD8,rest,1
ZNF879,scPRINT2,CD8,rest,1
ZSCAN29,scPRINT2,CD8,rest,1
AHR,scPRINT2,CD8,act,1
AKAP8,scPRINT2,CD8,act,1
AKNA,scPRINT2,CD8,act,1
ARID3B,scPRINT2,CD8,act,1
ARID5A,scPRINT2,CD8,act,1
ARID5B,scPRINT2,CD8,act,1
ATF1,scPRINT2,CD8,act,1
ATF4,scPRINT2,CD8,act,1
ATF5,scPRINT2,CD8,act,1
ATF6,scPRINT2,CD8,act,1
BACH1,scPRINT2,CD8,act,1
BATF,scPRINT2,CD8,act,1
BATF3,scPRINT2,CD8,act,1
BCL11B,scPRINT2,CD8,act,1
BHLHE40,scPRINT2,CD8,act,1
CAMTA1,scPRINT2,CD8,act,1
CAMTA2,scPRINT2,CD8,act,1
CDC5L,scPRINT2,CD8,act,1
CEBPB,scPRINT2,CD8,act,1
CEBPD,scPRINT2,CD8,act,1
CEBPG,scPRINT2,CD8,act,1
CEBPZ,scPRINT2,CD8,act,1
CGGBP1,scPRINT2,CD8,act,1
CHCHD3,scPRINT2,CD8,act,1
CREB1,scPRINT2,CD8,act,1
CREB3,scPRINT2,CD8,act,1
CREM,scPRINT2,CD8,act,1
CSRNP1,scPRINT2,CD8,act,1
DBP,scPRINT2,CD8,act,1
DEAF1,scPRINT2,CD8,act,1
DNMT1,scPRINT2,CD8,act,1
DR1,scPRINT2,CD8,act,1
DRAP1,scPRINT2,CD8,act,1
E2F4,scPRINT2,CD8,act,1
E2F6,scPRINT2,CD8,act,1
EGR2,scPRINT2,CD8,act,1
ELK1,scPRINT2,CD8,act,1
ELK3,scPRINT2,CD8,act,1
ELK4,scPRINT2,CD8,act,1
ERF,scPRINT2,CD8,act,1
ESRRA,scPRINT2,CD8,act,1
ETS1,scPRINT2,CD8,act,1
ETS2,scPRINT2,CD8,act,1
ETV6,scPRINT2,CD8,act,1
ETV7,scPRINT2,CD8,act,1
FOSB,scPRINT2,CD8,act,1
FOSL1,scPRINT2,CD8,act,1
FOSL2,scPRINT2,CD8,act,1
FOXN3,scPRINT2,CD8,act,1
GATAD2A,scPRINT2,CD8,act,1
GFI1,scPRINT2,CD8,act,1
GPBP1,scPRINT2,CD8,act,1
GPBP1L1,scPRINT2,CD8,act,1
GTF2B,scPRINT2,CD8,act,1
HEY1,scPRINT2,CD8,act,1
HIC1,scPRINT2,CD8,act,1
HIF1A,scPRINT2,CD8,act,1
HIVEP2,scPRINT2,CD8,act,1
HMG20B,scPRINT2,CD8,act,1
HMGA1,scPRINT2,CD8,act,1
HSF1,scPRINT2,CD8,act,1
IKZF1,scPRINT2,CD8,act,1
IKZF3,scPRINT2,CD8,act,1
IRF1,scPRINT2,CD8,act,1
IRF3,scPRINT2,CD8,act,1
IRF4,scPRINT2,CD8,act,1
IRF7,scPRINT2,CD8,act,1
IRF8,scPRINT2,CD8,act,1
IRF9,scPRINT2,CD8,act,1
JUN,scPRINT2,CD8,act,1
JUNB,scPRINT2,CD8,act,1
JUND,scPRINT2,CD8,act,1
KCMF1,scPRINT2,CD8,act,1
KDM5B,scPRINT2,CD8,act,1
KLF10,scPRINT2,CD8,act,1
KLF13,scPRINT2,CD8,act,1
KLF2,scPRINT2,CD8,act,1
KLF6,scPRINT2,CD8,act,1
MAF,scPRINT2,CD8,act,1
MAFG,scPRINT2,CD8,act,1
MAX,scPRINT2,CD8,act,1
MAZ,scPRINT2,CD8,act,1
MBD2,scPRINT2,CD8,act,1
MBD3,scPRINT2,CD8,act,1
MBD4,scPRINT2,CD8,act,1
MLX,scPRINT2,CD8,act,1
MSC,scPRINT2,CD8,act,1
MXI1,scPRINT2,CD8,act,1
MYC,scPRINT2,CD8,act,1
NCOA2,scPRINT2,CD8,act,1
NCOA3,scPRINT2,CD8,act,1
NFAT5,scPRINT2,CD8,act,1
NFATC1,scPRINT2,CD8,act,1
NFATC2,scPRINT2,CD8,act,1
NFE2L1,scPRINT2,CD8,act,1
NFE2L2,scPRINT2,CD8,act,1
NFE2L3,scPRINT2,CD8,act,1
NFIL3,scPRINT2,CD8,act,1
NFKB1,scPRINT2,CD8,act,1
NFKB2,scPRINT2,CD8,act,1
NFYB,scPRINT2,CD8,act,1
NME2,scPRINT2,CD8,act,1
NR1H2,scPRINT2,CD8,act,1
NR2F6,scPRINT2,CD8,act,1
NR4A1,scPRINT2,CD8,act,1
PA2G4,scPRINT2,CD8,act,1
PBX4,scPRINT2,CD8,act,1
PIN1,scPRINT2,CD8,act,1
PKNOX1,scPRINT2,CD8,act,1
PLAGL2,scPRINT2,CD8,act,1
PLSCR1,scPRINT2,CD8,act,1
POGK,scPRINT2,CD8,act,1
POU2F2,scPRINT2,CD8,act,1
PRDM1,scPRINT2,CD8,act,1
PREB,scPRINT2,CD8,act,1
RBCK1,scPRINT2,CD8,act,1
RBPJ,scPRINT2,CD8,act,1
REL,scPRINT2,CD8,act,1
RELA,scPRINT2,CD8,act,1
RELB,scPRINT2,CD8,act,1
REST,scPRINT2,CD8,act,1
REXO4,scPRINT2,CD8,act,1
RFX5,scPRINT2,CD8,act,1
RUNX1,scPRINT2,CD8,act,1
RUNX3,scPRINT2,CD8,act,1
SAFB,scPRINT2,CD8,act,1
SATB1,scPRINT2,CD8,act,1
SCML4,scPRINT2,CD8,act,1
SETBP1,scPRINT2,CD8,act,1
SKIL,scPRINT2,CD8,act,1
SMAD3,scPRINT2,CD8,act,1
SNAI3,scPRINT2,CD8,act,1
SNAPC2,scPRINT2,CD8,act,1
SNAPC5,scPRINT2,CD8,act,1
SPEN,scPRINT2,CD8,act,1
SREBF2,scPRINT2,CD8,act,1
SRF,scPRINT2,CD8,act,1
STAT1,scPRINT2,CD8,act,1
STAT3,scPRINT2,CD8,act,1
STAT5A,scPRINT2,CD8,act,1
STAT5B,scPRINT2,CD8,act,1
STAT6,scPRINT2,CD8,act,1
TBPL1,scPRINT2,CD8,act,1
TBX21,scPRINT2,CD8,act,1
TCF7,scPRINT2,CD8,act,1
TFDP1,scPRINT2,CD8,act,1
TFEB,scPRINT2,CD8,act,1
TGIF2,scPRINT2,CD8,act,1
THAP1,scPRINT2,CD8,act,1
THAP11,scPRINT2,CD8,act,1
THAP7,scPRINT2,CD8,act,1
TMF1,scPRINT2,CD8,act,1
TP53,scPRINT2,CD8,act,1
TRAFD1,scPRINT2,CD8,act,1
UBP1,scPRINT2,CD8,act,1
VDR,scPRINT2,CD8,act,1
XBP1,scPRINT2,CD8,act,1
YBX1,scPRINT2,CD8,act,1
YBX3,scPRINT2,CD8,act,1
ZBED2,scPRINT2,CD8,act,1
ZBTB20,scPRINT2,CD8,act,1
ZBTB32,scPRINT2,CD8,act,1
ZC3H8,scPRINT2,CD8,act,1
ZFP14,scPRINT2,CD8,act,1
ZNF146,scPRINT2,CD8,act,1
ZNF22,scPRINT2,CD8,act,1
ZNF239,scPRINT2,CD8,act,1
ZNF24,scPRINT2,CD8,act,1
ZNF263,scPRINT2,CD8,act,1
ZNF267,scPRINT2,CD8,act,1
ZNF281,scPRINT2,CD8,act,1
ZNF292,scPRINT2,CD8,act,1
ZNF37A,scPRINT2,CD8,act,1
ZNF444,scPRINT2,CD8,act,1
ZNF511,scPRINT2,CD8,act,1
ZNF580,scPRINT2,CD8,act,1
ZNF639,scPRINT2,CD8,act,1
ZNF655,scPRINT2,CD8,act,1
ZNF683,scPRINT2,CD8,act,1
ZNF706,scPRINT2,CD8,act,1
ZNF770,scPRINT2,CD8,act,1
YY1,pySCENIC,CD4,rest,1
SOX4,pySCENIC,CD4,rest,1
MAFK,pySCENIC,CD4,rest,1
KLF6,pySCENIC,CD4,rest,1
RFX5,pySCENIC,CD4,rest,1
BPTF,pySCENIC,CD4,rest,1
MAX,pySCENIC,CD4,rest,1
TAF1,pySCENIC,CD4,rest,1
JUN,pySCENIC,CD4,rest,1
USF2,pySCENIC,CD4,rest,1
ZNF354C,pySCENIC,CD4,rest,1
CEBPA,pySCENIC,CD4,rest,1
LMO2,pySCENIC,CD4,rest,1
KLF13,pySCENIC,CD4,rest,1
KLF2,pySCENIC,CD4,rest,1
BCL11A,pySCENIC,CD4,rest,1
IRF3,pySCENIC,CD4,rest,1
MAFB,pySCENIC,CD4,rest,1
MYBL1,pySCENIC,CD4,rest,1
IRF2,pySCENIC,CD4,rest,1
RBBP5,pySCENIC,CD4,rest,1
GATA1,pySCENIC,CD4,rest,1
ELF2,pySCENIC,CD4,rest,1
HMGB2,pySCENIC,CD4,rest,1
ELF1,pySCENIC,CD4,rest,1
PPARA,pySCENIC,CD4,rest,1
ATF6,pySCENIC,CD4,rest,1
POLR2A,pySCENIC,CD4,rest,1
GTF2F1,pySCENIC,CD4,rest,1
ELK1,pySCENIC,CD4,rest,1
RORA,pySCENIC,CD4,rest,1
RAD21,pySCENIC,CD4,rest,1
KLF3,pySCENIC,CD4,rest,1
STAT2,pySCENIC,CD4,rest,1
LEF1,pySCENIC,CD4,rest,1
KLF12,pySCENIC,CD4,rest,1
TAF7,pySCENIC,CD4,rest,1
FOXJ1,pySCENIC,CD4,rest,1
ETS1,pySCENIC,CD4,rest,1
ERF,pySCENIC,CD4,rest,1
CTCF,pySCENIC,CD4,rest,1
SREBF2,pySCENIC,CD4,rest,1
EZH2,pySCENIC,CD4,rest,1
TCF7,pySCENIC,CD4,rest,1
ATF1,pySCENIC,CD4,rest,1
BACH2,pySCENIC,CD4,rest,1
THAP11,pySCENIC,CD4,rest,1
GATA2,pySCENIC,CD4,rest,1
HOXA10,pySCENIC,CD4,rest,1
SPI1,pySCENIC,CD4,rest,1
HDAC2,pySCENIC,CD4,act,1
NFKB2,pySCENIC,CD4,act,1
ATF4,pySCENIC,CD4,act,1
SRF,pySCENIC,CD4,act,1
E2F1,pySCENIC,CD4,act,1
MAX,pySCENIC,CD4,act,1
FOSB,pySCENIC,CD4,act,1
HEY1,pySCENIC,CD4,act,1
YBX1,pySCENIC,CD4,act,1
ATF3,pySCENIC,CD4,act,1
ETV6,pySCENIC,CD4,act,1
NFKB1,pySCENIC,CD4,act,1
TFDP1,pySCENIC,CD4,act,1
CEBPB,pySCENIC,CD4,act,1
EGR1,pySCENIC,CD4,act,1
FOS,pySCENIC,CD4,act,1
RELB,pySCENIC,CD4,act,1
MYC,pySCENIC,CD4,act,1
E2F4,pySCENIC,CD4,act,1
IRF1,pySCENIC,CD4,act,1
STAT1,pySCENIC,CD4,act,1
FOXP3,pySCENIC,CD4,act,1
FOSL2,pySCENIC,CD4,act,1
E2F6,pySCENIC,CD4,act,1
MAFB,pySCENIC,CD4,act,1
IRF2,pySCENIC,CD4,act,1
BATF,pySCENIC,CD4,act,1
MLX,pySCENIC,CD4,act,1
E2F3,pySCENIC,CD4,act,1
ELK1,pySCENIC,CD4,act,1
IRF4,pySCENIC,CD4,act,1
IRF7,pySCENIC,CD4,act,1
RAD21,pySCENIC,CD4,act,1
GTF2F1,pySCENIC,CD4,act,1
CREB3,pySCENIC,CD4,act,1
DDIT3,pySCENIC,CD4,act,1
ETV7,pySCENIC,CD4,act,1
EGR2,pySCENIC,CD4,act,1
CREM,pySCENIC,CD4,act,1
ELK3,pySCENIC,CD4,act,1
JUNB,pySCENIC,CD4,act,1
REL,pySCENIC,CD4,act,1
CEBPZ,pySCENIC,CD4,act,1
EZH2,pySCENIC,CD4,act,1
ATF1,pySCENIC,CD4,act,1
THAP11,pySCENIC,CD4,act,1
RELA,pySCENIC,CD4,act,1
SREBF2,pySCENIC,CD4,act,1
FOSL1,pySCENIC,CD4,act,1
MAZ,pySCENIC,CD4,act,1
YY1,pySCENIC,CD8,rest,1
JUND,pySCENIC,CD8,rest,1
ZNF780A,pySCENIC,CD8,rest,1
CUX1,pySCENIC,CD8,rest,1
MAFK,pySCENIC,CD8,rest,1
KLF6,pySCENIC,CD8,rest,1
RFX5,pySCENIC,CD8,rest,1
BPTF,pySCENIC,CD8,rest,1
ZFY,pySCENIC,CD8,rest,1
HCFC1,pySCENIC,CD8,rest,1
JUN,pySCENIC,CD8,rest,1
TAF1,pySCENIC,CD8,rest,1
USF2,pySCENIC,CD8,rest,1
ZNF354C,pySCENIC,CD8,rest,1
NFYA,pySCENIC,CD8,rest,1
FOS,pySCENIC,CD8,rest,1
CEBPD,pySCENIC,CD8,rest,1
SIN3A,pySCENIC,CD8,rest,1
LMO2,pySCENIC,CD8,rest,1
SETBP1,pySCENIC,CD8,rest,1
KLF13,pySCENIC,CD8,rest,1
KLF2,pySCENIC,CD8,rest,1
FOXC1,pySCENIC,CD8,rest,1
IRF3,pySCENIC,CD8,rest,1
KDM5A,pySCENIC,CD8,rest,1
MYBL1,pySCENIC,CD8,rest,1
ELF2,pySCENIC,CD8,rest,1
HMGB2,pySCENIC,CD8,rest,1
ZNF384,pySCENIC,CD8,rest,1
PRDM1,pySCENIC,CD8,rest,1
TBX21,pySCENIC,CD8,rest,1
TEAD1,pySCENIC,CD8,rest,1
ELF1,pySCENIC,CD8,rest,1
PPARA,pySCENIC,CD8,rest,1
POLR2A,pySCENIC,CD8,rest,1
RORA,pySCENIC,CD8,rest,1
KLF3,pySCENIC,CD8,rest,1
KLF12,pySCENIC,CD8,rest,1
EOMES,pySCENIC,CD8,rest,1
ZEB1,pySCENIC,CD8,rest,1
ETS1,pySCENIC,CD8,rest,1
NFIC,pySCENIC,CD8,rest,1
ERF,pySCENIC,CD8,rest,1
CTCF,pySCENIC,CD8,rest,1
TCF12,pySCENIC,CD8,rest,1
ELK3,pySCENIC,CD8,rest,1
BACH2,pySCENIC,CD8,rest,1
GATA2,pySCENIC,CD8,rest,1
MEF2D,pySCENIC,CD8,rest,1
SPI1,pySCENIC,CD8,rest,1
HDAC2,pySCENIC,CD8,act,1
NFKB2,pySCENIC,CD8,act,1
CREB3L2,pySCENIC,CD8,act,1
JUND,pySCENIC,CD8,act,1
ATF4,pySCENIC,CD8,act,1
SRF,pySCENIC,CD8,act,1
KLF6,pySCENIC,CD8,act,1
FOSB,pySCENIC,CD8,act,1
YBX1,pySCENIC,CD8,act,1
ATF3,pySCENIC,CD8,act,1
ETV6,pySCENIC,CD8,act,1
SPI1,pySCENIC,CD8,act,1
HCFC1,pySCENIC,CD8,act,1
NFKB1,pySCENIC,CD8,act,1
JUN,pySCENIC,CD8,act,1
TFDP1,pySCENIC,CD8,act,1
CEBPB,pySCENIC,CD8,act,1
NFYA,pySCENIC,CD8,act,1
FOS,pySCENIC,CD8,act,1
EGR1,pySCENIC,CD8,act,1
CEBPD,pySCENIC,CD8,act,1
BATF3,pySCENIC,CD8,act,1
CREB5,pySCENIC,CD8,act,1
RELB,pySCENIC,CD8,act,1
E2F4,pySCENIC,CD8,act,1
SETBP1,pySCENIC,CD8,act,1
FOXC1,pySCENIC,CD8,act,1
FOSL2,pySCENIC,CD8,act,1
ATF5,pySCENIC,CD8,act,1
BATF,pySCENIC,CD8,act,1
PRDM1,pySCENIC,CD8,act,1
TBX21,pySCENIC,CD8,act,1
MLX,pySCENIC,CD8,act,1
PAX5,pySCENIC,CD8,act,1
IRF4,pySCENIC,CD8,act,1
RORA,pySCENIC,CD8,act,1
KLF10,pySCENIC,CD8,act,1
EOMES,pySCENIC,CD8,act,1
CREB3,pySCENIC,CD8,act,1
ETS1,pySCENIC,CD8,act,1
EGR2,pySCENIC,CD8,act,1
NFIC,pySCENIC,CD8,act,1
MAF,pySCENIC,CD8,act,1
CREM,pySCENIC,CD8,act,1
JUNB,pySCENIC,CD8,act,1
REL,pySCENIC,CD8,act,1
BACH2,pySCENIC,CD8,act,1
CEBPZ,pySCENIC,CD8,act,1
FOSL1,pySCENIC,CD8,act,1
MAZ,pySCENIC,CD8,act,1
ADNP,Perturb-seq,CD4,rest,1
ADNP2,Perturb-seq,CD4,rest,1
AEBP2,Perturb-seq,CD4,rest,1
AHDC1,Perturb-seq,CD4,rest,1
AHR,Perturb-seq,CD4,rest,1
AHRR,Perturb-seq,CD4,rest,1
AKAP8L,Perturb-seq,CD4,rest,1
ARID2,Perturb-seq,CD4,rest,1
ARID3A,Perturb-seq,CD4,rest,1
ARID5A,Perturb-seq,CD4,rest,1
ARNT,Perturb-seq,CD4,rest,1
ASH1L,Perturb-seq,CD4,rest,1
ATF1,Perturb-seq,CD4,rest,1
ATF4,Perturb-seq,CD4,rest,1
ATF6B,Perturb-seq,CD4,rest,1
ATF7,Perturb-seq,CD4,rest,1
ATMIN,Perturb-seq,CD4,rest,1
BACH1,Perturb-seq,CD4,rest,1
BATF,Perturb-seq,CD4,rest,1
BATF3,Perturb-seq,CD4,rest,1
BAZ2A,Perturb-seq,CD4,rest,1
BCL6,Perturb-seq,CD4,rest,1
BHLHE40,Perturb-seq,CD4,rest,1
BPTF,Perturb-seq,CD4,rest,1
CAMTA1,Perturb-seq,CD4,rest,1
CC2D1A,Perturb-seq,CD4,rest,1
CEBPB,Perturb-seq,CD4,rest,1
CGGBP1,Perturb-seq,CD4,rest,1
CHAMP1,Perturb-seq,CD4,rest,1
CIC,Perturb-seq,CD4,rest,1
CLOCK,Perturb-seq,CD4,rest,1
CREB1,Perturb-seq,CD4,rest,1
CREBL2,Perturb-seq,CD4,rest,1
CREBZF,Perturb-seq,CD4,rest,1
CSRNP1,Perturb-seq,CD4,rest,1
CSRNP2,Perturb-seq,CD4,rest,1
CUX1,Perturb-seq,CD4,rest,1
CXXC1,Perturb-seq,CD4,rest,1
DEAF1,Perturb-seq,CD4,rest,1
DMTF1,Perturb-seq,CD4,rest,1
DNTTIP1,Perturb-seq,CD4,rest,1
DOT1L,Perturb-seq,CD4,rest,1
DR1,Perturb-seq,CD4,rest,1
E2F1,Perturb-seq,CD4,rest,1
E2F3,Perturb-seq,CD4,rest,1
E2F6,Perturb-seq,CD4,rest,1
E2F7,Perturb-seq,CD4,rest,1
E2F8,Perturb-seq,CD4,rest,1
ELF4,Perturb-seq,CD4,rest,1
ELK4,Perturb-seq,CD4,rest,1
ERF,Perturb-seq,CD4,rest,1
ETS2,Perturb-seq,CD4,rest,1
ETV2,Perturb-seq,CD4,rest,1
ETV3,Perturb-seq,CD4,rest,1
FBXL19,Perturb-seq,CD4,rest,1
FLI1,Perturb-seq,CD4,rest,1
FOSL2,Perturb-seq,CD4,rest,1
FOXK1,Perturb-seq,CD4,rest,1
FOXN2,Perturb-seq,CD4,rest,1
FOXO1,Perturb-seq,CD4,rest,1
FOXO3,Perturb-seq,CD4,rest,1
FOXO4,Perturb-seq,CD4,rest,1
FOXP3,Perturb-seq,CD4,rest,1
FOXP4,Perturb-seq,CD4,rest,1
GABPA,Perturb-seq,CD4,rest,1
GATA3,Perturb-seq,CD4,rest,1
GATAD2B,Perturb-seq,CD4,rest,1
GLI4,Perturb-seq,CD4,rest,1
GMEB1,Perturb-seq,CD4,rest,1
GPBP1,Perturb-seq,CD4,rest,1
GTF2I,Perturb-seq,CD4,rest,1
GTF3A,Perturb-seq,CD4,rest,1
HMG20B,Perturb-seq,CD4,rest,1
HOXB4,Perturb-seq,CD4,rest,1
HSF2,Perturb-seq,CD4,rest,1
HSF4,Perturb-seq,CD4,rest,1
IKZF1,Perturb-seq,CD4,rest,1
IRF1,Perturb-seq,CD4,rest,1
IRF2,Perturb-seq,CD4,rest,1
ISL2,Perturb-seq,CD4,rest,1
JRK,Perturb-seq,CD4,rest,1
JUNB,Perturb-seq,CD4,rest,1
JUND,Perturb-seq,CD4,rest,1
KAT7,Perturb-seq,CD4,rest,1
KDM2A,Perturb-seq,CD4,rest,1
KLF10,Perturb-seq,CD4,rest,1
KLF11,Perturb-seq,CD4,rest,1
KLF2,Perturb-seq,CD4,rest,1
KLF3,Perturb-seq,CD4,rest,1
KLF6,Perturb-seq,CD4,rest,1
KLF7,Perturb-seq,CD4,rest,1
KLF9,Perturb-seq,CD4,rest,1
KMT2B,Perturb-seq,CD4,rest,1
L3MBTL3,Perturb-seq,CD4,rest,1
LCOR,Perturb-seq,CD4,rest,1
LCORL,Perturb-seq,CD4,rest,1
LIN54,Perturb-seq,CD4,rest,1
MAF,Perturb-seq,CD4,rest,1
MAFG,Perturb-seq,CD4,rest,1
MAX,Perturb-seq,CD4,rest,1
MBD2,Perturb-seq,CD4,rest,1
MEF2A,Perturb-seq,CD4,rest,1
MEF2D,Perturb-seq,CD4,rest,1
MGA,Perturb-seq,CD4,rest,1
MLX,Perturb-seq,CD4,rest,1
MSANTD3,Perturb-seq,CD4,rest,1
MSANTD4,Perturb-seq,CD4,rest,1
MTERF2,Perturb-seq,CD4,rest,1
MTERF4,Perturb-seq,CD4,rest,1
MTF2,Perturb-seq,CD4,rest,1
MXD1,Perturb-seq,CD4,rest,1
MXD3,Perturb-seq,CD4,rest,1
MYB,Perturb-seq,CD4,rest,1
MYC,Perturb-seq,CD4,rest,1
MYNN,Perturb-seq,CD4,rest,1
MYSM1,Perturb-seq,CD4,rest,1
NACC2,Perturb-seq,CD4,rest,1
NAIF1,Perturb-seq,CD4,rest,1
NCOA1,Perturb-seq,CD4,rest,1
NCOA3,Perturb-seq,CD4,rest,1
NFAT5,Perturb-seq,CD4,rest,1
NFATC2,Perturb-seq,CD4,rest,1
NFE2L1,Perturb-seq,CD4,rest,1
NFE2L2,Perturb-seq,CD4,rest,1
NFKB1,Perturb-seq,CD4,rest,1
NFKB2,Perturb-seq,CD4,rest,1
NFX1,Perturb-seq,CD4,rest,1
NPAS2,Perturb-seq,CD4,rest,1
NR1H2,Perturb-seq,CD4,rest,1
NR2C1,Perturb-seq,CD4,rest,1
NR2C2,Perturb-seq,CD4,rest,1
NR3C1,Perturb-seq,CD4,rest,1
NR4A1,Perturb-seq,CD4,rest,1
PA2G4,Perturb-seq,CD4,rest,1
PBX3,Perturb-seq,CD4,rest,1
PCGF6,Perturb-seq,CD4,rest,1
PHF1,Perturb-seq,CD4,rest,1
PHF19,Perturb-seq,CD4,rest,1
PHF20,Perturb-seq,CD4,rest,1
PHF21A,Perturb-seq,CD4,rest,1
PKNOX1,Perturb-seq,CD4,rest,1
POGK,Perturb-seq,CD4,rest,1
POU2F2,Perturb-seq,CD4,rest,1
POU6F1,Perturb-seq,CD4,rest,1
PPARA,Perturb-seq,CD4,rest,1
PPARD,Perturb-seq,CD4,rest,1
PRDM15,Perturb-seq,CD4,rest,1
PRDM4,Perturb-seq,CD4,rest,1
PRDM5,Perturb-seq,CD4,rest,1
PRMT3,Perturb-seq,CD4,rest,1
PRR12,Perturb-seq,CD4,rest,1
PURA,Perturb-seq,CD4,rest,1
PURB,Perturb-seq,CD4,rest,1
RARA,Perturb-seq,CD4,rest,1
RARG,Perturb-seq,CD4,rest,1
RBAK,Perturb-seq,CD4,rest,1
RBCK1,Perturb-seq,CD4,rest,1
RBPJ,Perturb-seq,CD4,rest,1
REL,Perturb-seq,CD4,rest,1
RELB,Perturb-seq,CD4,rest,1
REPIN1,Perturb-seq,CD4,rest,1
REST,Perturb-seq,CD4,rest,1
REXO4,Perturb-seq,CD4,rest,1
RFX1,Perturb-seq,CD4,rest,1
RFX5,Perturb-seq,CD4,rest,1
RFX7,Perturb-seq,CD4,rest,1
RLF,Perturb-seq,CD4,rest,1
RREB1,Perturb-seq,CD4,rest,1
RUNX3,Perturb-seq,CD4,rest,1
RXRB,Perturb-seq,CD4,rest,1
SAFB,Perturb-seq,CD4,rest,1
SETDB1,Perturb-seq,CD4,rest,1
SKI,Perturb-seq,CD4,rest,1
SLC2A4RG,Perturb-seq,CD4,rest,1
SMAD4,Perturb-seq,CD4,rest,1
SMAD5,Perturb-seq,CD4,rest,1
SMYD3,Perturb-seq,CD4,rest,1
SP1,Perturb-seq,CD4,rest,1
SP100,Perturb-seq,CD4,rest,1
SP110,Perturb-seq,CD4,rest,1
SP140,Perturb-seq,CD4,rest,1
SP140L,Perturb-seq,CD4,rest,1
SP2,Perturb-seq,CD4,rest,1
SP3,Perturb-seq,CD4,rest,1
SP4,Perturb-seq,CD4,rest,1
SPEN,Perturb-seq,CD4,rest,1
SREBF2,Perturb-seq,CD4,rest,1
SRF,Perturb-seq,CD4,rest,1
STAT1,Perturb-seq,CD4,rest,1
STAT2,Perturb-seq,CD4,rest,1
STAT3,Perturb-seq,CD4,rest,1
STAT5A,Perturb-seq,CD4,rest,1
STAT5B,Perturb-seq,CD4,rest,1
STAT6,Perturb-seq,CD4,rest,1
TBPL1,Perturb-seq,CD4,rest,1
TBX21,Perturb-seq,CD4,rest,1
TCF12,Perturb-seq,CD4,rest,1
TCF7,Perturb-seq,CD4,rest,1
TCFL5,Perturb-seq,CD4,rest,1
TERF1,Perturb-seq,CD4,rest,1
TET2,Perturb-seq,CD4,rest,1
TFAP4,Perturb-seq,CD4,rest,1
TFDP1,Perturb-seq,CD4,rest,1
TFE3,Perturb-seq,CD4,rest,1
TGIF1,Perturb-seq,CD4,rest,1
TGIF2,Perturb-seq,CD4,rest,1
THAP11,Perturb-seq,CD4,rest,1
THAP3,Perturb-seq,CD4,rest,1
THAP5,Perturb-seq,CD4,rest,1
THAP7,Perturb-seq,CD4,rest,1
THRA,Perturb-seq,CD4,rest,1
TMF1,Perturb-seq,CD4,rest,1
TOPORS,Perturb-seq,CD4,rest,1
TP73,Perturb-seq,CD4,rest,1
TRERF1,Perturb-seq,CD4,rest,1
TRPS1,Perturb-seq,CD4,rest,1
USF2,Perturb-seq,CD4,rest,1
USF3,Perturb-seq,CD4,rest,1
VEZF1,Perturb-seq,CD4,rest,1
WIZ,Perturb-seq,CD4,rest,1
XBP1,Perturb-seq,CD4,rest,1
YBX1,Perturb-seq,CD4,rest,1
YY1,Perturb-seq,CD4,rest,1
ZBED1,Perturb-seq,CD4,rest,1
ZBED5,Perturb-seq,CD4,rest,1
ZBTB14,Perturb-seq,CD4,rest,1
ZBTB2,Perturb-seq,CD4,rest,1
ZBTB21,Perturb-seq,CD4,rest,1
ZBTB22,Perturb-seq,CD4,rest,1
ZBTB3,Perturb-seq,CD4,rest,1
ZBTB32,Perturb-seq,CD4,rest,1
ZBTB33,Perturb-seq,CD4,rest,1
ZBTB34,Perturb-seq,CD4,rest,1
ZBTB37,Perturb-seq,CD4,rest,1
ZBTB39,Perturb-seq,CD4,rest,1
ZBTB40,Perturb-seq,CD4,rest,1
ZBTB41,Perturb-seq,CD4,rest,1
ZBTB42,Perturb-seq,CD4,rest,1
ZBTB44,Perturb-seq,CD4,rest,1
ZBTB48,Perturb-seq,CD4,rest,1
ZBTB5,Perturb-seq,CD4,rest,1
ZBTB7A,Perturb-seq,CD4,rest,1
ZBTB7B,Perturb-seq,CD4,rest,1
ZBTB9,Perturb-seq,CD4,rest,1
ZEB1,Perturb-seq,CD4,rest,1
ZFAT,Perturb-seq,CD4,rest,1
ZFP1,Perturb-seq,CD4,rest,1
ZFP14,Perturb-seq,CD4,rest,1
ZFP3,Perturb-seq,CD4,rest,1
ZFP64,Perturb-seq,CD4,rest,1
ZFP82,Perturb-seq,CD4,rest,1
ZFP90,Perturb-seq,CD4,rest,1
ZFX,Perturb-seq,CD4,rest,1
ZHX1,Perturb-seq,CD4,rest,1
ZHX2,Perturb-seq,CD4,rest,1
ZHX3,Perturb-seq,CD4,rest,1
ZIK1,Perturb-seq,CD4,rest,1
ZKSCAN1,Perturb-seq,CD4,rest,1
ZKSCAN5,Perturb-seq,CD4,rest,1
ZMAT1,Perturb-seq,CD4,rest,1
ZNF100,Perturb-seq,CD4,rest,1
ZNF101,Perturb-seq,CD4,rest,1
ZNF107,Perturb-seq,CD4,rest,1
ZNF12,Perturb-seq,CD4,rest,1
ZNF133,Perturb-seq,CD4,rest,1
ZNF14,Perturb-seq,CD4,rest,1
ZNF140,Perturb-seq,CD4,rest,1
ZNF141,Perturb-seq,CD4,rest,1
ZNF146,Perturb-seq,CD4,rest,1
ZNF148,Perturb-seq,CD4,rest,1
ZNF16,Perturb-seq,CD4,rest,1
ZNF160,Perturb-seq,CD4,rest,1
ZNF18,Perturb-seq,CD4,rest,1
ZNF180,Perturb-seq,CD4,rest,1
ZNF184,Perturb-seq,CD4,rest,1
ZNF189,Perturb-seq,CD4,rest,1
ZNF200,Perturb-seq,CD4,rest,1
ZNF202,Perturb-seq,CD4,rest,1
ZNF211,Perturb-seq,CD4,rest,1
ZNF213,Perturb-seq,CD4,rest,1
ZNF22,Perturb-seq,CD4,rest,1
ZNF221,Perturb-seq,CD4,rest,1
ZNF224,Perturb-seq,CD4,rest,1
ZNF225,Perturb-seq,CD4,rest,1
ZNF227,Perturb-seq,CD4,rest,1
ZNF232,Perturb-seq,CD4,rest,1
ZNF25,Perturb-seq,CD4,rest,1
ZNF253,Perturb-seq,CD4,rest,1
ZNF254,Perturb-seq,CD4,rest,1
ZNF256,Perturb-seq,CD4,rest,1
ZNF260,Perturb-seq,CD4,rest,1
ZNF263,Perturb-seq,CD4,rest,1
ZNF264,Perturb-seq,CD4,rest,1
ZNF268,Perturb-seq,CD4,rest,1
ZNF274,Perturb-seq,CD4,rest,1
ZNF280C,Perturb-seq,CD4,rest,1
ZNF280D,Perturb-seq,CD4,rest,1
ZNF281,Perturb-seq,CD4,rest,1
ZNF282,Perturb-seq,CD4,rest,1
ZNF284,Perturb-seq,CD4,rest,1
ZNF296,Perturb-seq,CD4,rest,1
ZNF304,Perturb-seq,CD4,rest,1
ZNF311,Perturb-seq,CD4,rest,1
ZNF316,Perturb-seq,CD4,rest,1
ZNF317,Perturb-seq,CD4,rest,1
ZNF318,Perturb-seq,CD4,rest,1
ZNF322,Perturb-seq,CD4,rest,1
ZNF337,Perturb-seq,CD4,rest,1
ZNF33A,Perturb-seq,CD4,rest,1
ZNF343,Perturb-seq,CD4,rest,1
ZNF345,Perturb-seq,CD4,rest,1
ZNF346,Perturb-seq,CD4,rest,1
ZNF35,Perturb-seq,CD4,rest,1
ZNF354A,Perturb-seq,CD4,rest,1
ZNF354B,Perturb-seq,CD4,rest,1
ZNF354C,Perturb-seq,CD4,rest,1
ZNF384,Perturb-seq,CD4,rest,1
ZNF394,Perturb-seq,CD4,rest,1
ZNF398,Perturb-seq,CD4,rest,1
ZNF410,Perturb-seq,CD4,rest,1
ZNF414,Perturb-seq,CD4,rest,1
ZNF426,Perturb-seq,CD4,rest,1
ZNF43,Perturb-seq,CD4,rest,1
ZNF430,Perturb-seq,CD4,rest,1
ZNF436,Perturb-seq,CD4,rest,1
ZNF44,Perturb-seq,CD4,rest,1
ZNF444,Perturb-seq,CD4,rest,1
ZNF445,Perturb-seq,CD4,rest,1
ZNF470,Perturb-seq,CD4,rest,1
ZNF480,Perturb-seq,CD4,rest,1
ZNF486,Perturb-seq,CD4,rest,1
ZNF496,Perturb-seq,CD4,rest,1
ZNF507,Perturb-seq,CD4,rest,1
ZNF512B,Perturb-seq,CD4,rest,1
ZNF518B,Perturb-seq,CD4,rest,1
ZNF519,Perturb-seq,CD4,rest,1
ZNF526,Perturb-seq,CD4,rest,1
ZNF527,Perturb-seq,CD4,rest,1
ZNF549,Perturb-seq,CD4,rest,1
ZNF550,Perturb-seq,CD4,rest,1
ZNF552,Perturb-seq,CD4,rest,1
ZNF554,Perturb-seq,CD4,rest,1
ZNF561,Perturb-seq,CD4,rest,1
ZNF562,Perturb-seq,CD4,rest,1
ZNF566,Perturb-seq,CD4,rest,1
ZNF583,Perturb-seq,CD4,rest,1
ZNF586,Perturb-seq,CD4,rest,1
ZNF589,Perturb-seq,CD4,rest,1
ZNF592,Perturb-seq,CD4,rest,1
ZNF595,Perturb-seq,CD4,rest,1
ZNF597,Perturb-seq,CD4,rest,1
ZNF600,Perturb-seq,CD4,rest,1
ZNF613,Perturb-seq,CD4,rest,1
ZNF619,Perturb-seq,CD4,rest,1
ZNF620,Perturb-seq,CD4,rest,1
ZNF621,Perturb-seq,CD4,rest,1
ZNF623,Perturb-seq,CD4,rest,1
ZNF626,Perturb-seq,CD4,rest,1
ZNF627,Perturb-seq,CD4,rest,1
ZNF641,Perturb-seq,CD4,rest,1
ZNF644,Perturb-seq,CD4,rest,1
ZNF646,Perturb-seq,CD4,rest,1
ZNF649,Perturb-seq,CD4,rest,1
ZNF652,Perturb-seq,CD4,rest,1
ZNF653,Perturb-seq,CD4,rest,1
ZNF655,Perturb-seq,CD4,rest,1
ZNF658,Perturb-seq,CD4,rest,1
ZNF664,Perturb-seq,CD4,rest,1
ZNF671,Perturb-seq,CD4,rest,1
ZNF672,Perturb-seq,CD4,rest,1
ZNF681,Perturb-seq,CD4,rest,1
ZNF682,Perturb-seq,CD4,rest,1
ZNF684,Perturb-seq,CD4,rest,1
ZNF687,Perturb-seq,CD4,rest,1
ZNF689,Perturb-seq,CD4,rest,1
ZNF691,Perturb-seq,CD4,rest,1
ZNF692,Perturb-seq,CD4,rest,1
ZNF696,Perturb-seq,CD4,rest,1
ZNF7,Perturb-seq,CD4,rest,1
ZNF70,Perturb-seq,CD4,rest,1
ZNF700,Perturb-seq,CD4,rest,1
ZNF706,Perturb-seq,CD4,rest,1
ZNF71,Perturb-seq,CD4,rest,1
ZNF710,Perturb-seq,CD4,rest,1
ZNF714,Perturb-seq,CD4,rest,1
ZNF718,Perturb-seq,CD4,rest,1
ZNF736,Perturb-seq,CD4,rest,1
ZNF75A,Perturb-seq,CD4,rest,1
ZNF76,Perturb-seq,CD4,rest,1
ZNF764,Perturb-seq,CD4,rest,1
ZNF766,Perturb-seq,CD4,rest,1
ZNF770,Perturb-seq,CD4,rest,1
ZNF776,Perturb-seq,CD4,rest,1
ZNF780A,Perturb-seq,CD4,rest,1
ZNF785,Perturb-seq,CD4,rest,1
ZNF786,Perturb-seq,CD4,rest,1
ZNF792,Perturb-seq,CD4,rest,1
ZNF800,Perturb-seq,CD4,rest,1
ZNF816,Perturb-seq,CD4,rest,1
ZNF827,Perturb-seq,CD4,rest,1
ZNF880,Perturb-seq,CD4,rest,1
ZNF92,Perturb-seq,CD4,rest,1
ZSCAN2,Perturb-seq,CD4,rest,1
ZSCAN21,Perturb-seq,CD4,rest,1
ZSCAN22,Perturb-seq,CD4,rest,1
ZSCAN25,Perturb-seq,CD4,rest,1
ZSCAN26,Perturb-seq,CD4,rest,1
ZSCAN29,Perturb-seq,CD4,rest,1
ZXDC,Perturb-seq,CD4,rest,1
ADNP,Perturb-seq,CD4,stim8hr,1
ADNP2,Perturb-seq,CD4,stim8hr,1
AEBP2,Perturb-seq,CD4,stim8hr,1
AHDC1,Perturb-seq,CD4,stim8hr,1
AHR,Perturb-seq,CD4,stim8hr,1
AHRR,Perturb-seq,CD4,stim8hr,1
AKAP8L,Perturb-seq,CD4,stim8hr,1
ARID2,Perturb-seq,CD4,stim8hr,1
ARID3A,Perturb-seq,CD4,stim8hr,1
ARID3B,Perturb-seq,CD4,stim8hr,1
ARID5A,Perturb-seq,CD4,stim8hr,1
ARNT,Perturb-seq,CD4,stim8hr,1
ASH1L,Perturb-seq,CD4,stim8hr,1
ATF1,Perturb-seq,CD4,stim8hr,1
ATF4,Perturb-seq,CD4,stim8hr,1
ATF6,Perturb-seq,CD4,stim8hr,1
ATF6B,Perturb-seq,CD4,stim8hr,1
ATF7,Perturb-seq,CD4,stim8hr,1
ATMIN,Perturb-seq,CD4,stim8hr,1
BACH1,Perturb-seq,CD4,stim8hr,1
BACH2,Perturb-seq,CD4,stim8hr,1
BATF,Perturb-seq,CD4,stim8hr,1
BATF3,Perturb-seq,CD4,stim8hr,1
BAZ2A,Perturb-seq,CD4,stim8hr,1
BBX,Perturb-seq,CD4,stim8hr,1
BCL6,Perturb-seq,CD4,stim8hr,1
BHLHE40,Perturb-seq,CD4,stim8hr,1
BPTF,Perturb-seq,CD4,stim8hr,1
BRF2,Perturb-seq,CD4,stim8hr,1
CAMTA1,Perturb-seq,CD4,stim8hr,1
CC2D1A,Perturb-seq,CD4,stim8hr,1
CEBPB,Perturb-seq,CD4,stim8hr,1
CENPB,Perturb-seq,CD4,stim8hr,1
CGGBP1,Perturb-seq,CD4,stim8hr,1
CHAMP1,Perturb-seq,CD4,stim8hr,1
CIC,Perturb-seq,CD4,stim8hr,1
CLOCK,Perturb-seq,CD4,stim8hr,1
CREB1,Perturb-seq,CD4,stim8hr,1
CREBL2,Perturb-seq,CD4,stim8hr,1
CSRNP2,Perturb-seq,CD4,stim8hr,1
CUX1,Perturb-seq,CD4,stim8hr,1
CXXC1,Perturb-seq,CD4,stim8hr,1
CXXC5,Perturb-seq,CD4,stim8hr,1
DEAF1,Perturb-seq,CD4,stim8hr,1
DMTF1,Perturb-seq,CD4,stim8hr,1
DNTTIP1,Perturb-seq,CD4,stim8hr,1
DOT1L,Perturb-seq,CD4,stim8hr,1
DR1,Perturb-seq,CD4,stim8hr,1
DZIP1,Perturb-seq,CD4,stim8hr,1
E2F1,Perturb-seq,CD4,stim8hr,1
E2F3,Perturb-seq,CD4,stim8hr,1
E2F5,Perturb-seq,CD4,stim8hr,1
E2F6,Perturb-seq,CD4,stim8hr,1
E2F8,Perturb-seq,CD4,stim8hr,1
EEA1,Perturb-seq,CD4,stim8hr,1
EGR1,Perturb-seq,CD4,stim8hr,1
EGR2,Perturb-seq,CD4,stim8hr,1
EGR3,Perturb-seq,CD4,stim8hr,1
ELF4,Perturb-seq,CD4,stim8hr,1
ELK3,Perturb-seq,CD4,stim8hr,1
ELK4,Perturb-seq,CD4,stim8hr,1
ESRRA,Perturb-seq,CD4,stim8hr,1
ETS2,Perturb-seq,CD4,stim8hr,1
ETV6,Perturb-seq,CD4,stim8hr,1
FAM200B,Perturb-seq,CD4,stim8hr,1
FLI1,Perturb-seq,CD4,stim8hr,1
FOSL1,Perturb-seq,CD4,stim8hr,1
FOSL2,Perturb-seq,CD4,stim8hr,1
FOXK1,Perturb-seq,CD4,stim8hr,1
FOXN2,Perturb-seq,CD4,stim8hr,1
FOXO1,Perturb-seq,CD4,stim8hr,1
FOXO3,Perturb-seq,CD4,stim8hr,1
FOXO4,Perturb-seq,CD4,stim8hr,1
FOXP3,Perturb-seq,CD4,stim8hr,1
FOXP4,Perturb-seq,CD4,stim8hr,1
GABPA,Perturb-seq,CD4,stim8hr,1
GATA3,Perturb-seq,CD4,stim8hr,1
GATAD2B,Perturb-seq,CD4,stim8hr,1
GLI1,Perturb-seq,CD4,stim8hr,1
GLI4,Perturb-seq,CD4,stim8hr,1
GMEB1,Perturb-seq,CD4,stim8hr,1
GPBP1,Perturb-seq,CD4,stim8hr,1
GTF2I,Perturb-seq,CD4,stim8hr,1
HBP1,Perturb-seq,CD4,stim8hr,1
HES6,Perturb-seq,CD4,stim8hr,1
HIF1A,Perturb-seq,CD4,stim8hr,1
HOMEZ,Perturb-seq,CD4,stim8hr,1
HOXB2,Perturb-seq,CD4,stim8hr,1
HOXB4,Perturb-seq,CD4,stim8hr,1
HSF1,Perturb-seq,CD4,stim8hr,1
HSF2,Perturb-seq,CD4,stim8hr,1
IKZF1,Perturb-seq,CD4,stim8hr,1
INSM1,Perturb-seq,CD4,stim8hr,1
IRF1,Perturb-seq,CD4,stim8hr,1
IRF2,Perturb-seq,CD4,stim8hr,1
IRF4,Perturb-seq,CD4,stim8hr,1
IRF5,Perturb-seq,CD4,stim8hr,1
IRF7,Perturb-seq,CD4,stim8hr,1
IRF8,Perturb-seq,CD4,stim8hr,1
JAZF1,Perturb-seq,CD4,stim8hr,1
JRK,Perturb-seq,CD4,stim8hr,1
JUNB,Perturb-seq,CD4,stim8hr,1
JUND,Perturb-seq,CD4,stim8hr,1
KCMF1,Perturb-seq,CD4,stim8hr,1
KDM2A,Perturb-seq,CD4,stim8hr,1
KLF10,Perturb-seq,CD4,stim8hr,1
KLF11,Perturb-seq,CD4,stim8hr,1
KLF13,Perturb-seq,CD4,stim8hr,1
KLF16,Perturb-seq,CD4,stim8hr,1
KLF3,Perturb-seq,CD4,stim8hr,1
KLF7,Perturb-seq,CD4,stim8hr,1
KLF9,Perturb-seq,CD4,stim8hr,1
KMT2A,Perturb-seq,CD4,stim8hr,1
KMT2B,Perturb-seq,CD4,stim8hr,1
L3MBTL3,Perturb-seq,CD4,stim8hr,1
LCOR,Perturb-seq,CD4,stim8hr,1
LCORL,Perturb-seq,CD4,stim8hr,1
LIN54,Perturb-seq,CD4,stim8hr,1
MAF,Perturb-seq,CD4,stim8hr,1
MAFG,Perturb-seq,CD4,stim8hr,1
MAX,Perturb-seq,CD4,stim8hr,1
MBD2,Perturb-seq,CD4,stim8hr,1
MEF2D,Perturb-seq,CD4,stim8hr,1
MGA,Perturb-seq,CD4,stim8hr,1
MLXIP,Perturb-seq,CD4,stim8hr,1
MSANTD4,Perturb-seq,CD4,stim8hr,1
MTERF2,Perturb-seq,CD4,stim8hr,1
MTERF4,Perturb-seq,CD4,stim8hr,1
MTF1,Perturb-seq,CD4,stim8hr,1
MTF2,Perturb-seq,CD4,stim8hr,1
MYB,Perturb-seq,CD4,stim8hr,1
MYC,Perturb-seq,CD4,stim8hr,1
MYNN,Perturb-seq,CD4,stim8hr,1
MYSM1,Perturb-seq,CD4,stim8hr,1
NAIF1,Perturb-seq,CD4,stim8hr,1
NCOA1,Perturb-seq,CD4,stim8hr,1
NFATC2,Perturb-seq,CD4,stim8hr,1
NFE2L1,Perturb-seq,CD4,stim8hr,1
NFE2L2,Perturb-seq,CD4,stim8hr,1
NFE2L3,Perturb-seq,CD4,stim8hr,1
NFIX,Perturb-seq,CD4,stim8hr,1
NFKB1,Perturb-seq,CD4,stim8hr,1
NKRF,Perturb-seq,CD4,stim8hr,1
NR1D2,Perturb-seq,CD4,stim8hr,1
NR1H2,Perturb-seq,CD4,stim8hr,1
NR2C1,Perturb-seq,CD4,stim8hr,1
NR2C2,Perturb-seq,CD4,stim8hr,1
NR4A3,Perturb-seq,CD4,stim8hr,1
PA2G4,Perturb-seq,CD4,stim8hr,1
PATZ1,Perturb-seq,CD4,stim8hr,1
PBX3,Perturb-seq,CD4,stim8hr,1
PBX4,Perturb-seq,CD4,stim8hr,1
PCGF6,Perturb-seq,CD4,stim8hr,1
PHF1,Perturb-seq,CD4,stim8hr,1
PHF19,Perturb-seq,CD4,stim8hr,1
PHF20,Perturb-seq,CD4,stim8hr,1
PHF21A,Perturb-seq,CD4,stim8hr,1
PKNOX1,Perturb-seq,CD4,stim8hr,1
POGK,Perturb-seq,CD4,stim8hr,1
POU2AF1,Perturb-seq,CD4,stim8hr,1
POU2F2,Perturb-seq,CD4,stim8hr,1
PPARA,Perturb-seq,CD4,stim8hr,1
PRDM15,Perturb-seq,CD4,stim8hr,1
PRMT3,Perturb-seq,CD4,stim8hr,1
PRR12,Perturb-seq,CD4,stim8hr,1
PURA,Perturb-seq,CD4,stim8hr,1
PURB,Perturb-seq,CD4,stim8hr,1
RARA,Perturb-seq,CD4,stim8hr,1
RARG,Perturb-seq,CD4,stim8hr,1
RBAK,Perturb-seq,CD4,stim8hr,1
RBCK1,Perturb-seq,CD4,stim8hr,1
RBPJ,Perturb-seq,CD4,stim8hr,1
REL,Perturb-seq,CD4,stim8hr,1
RELA,Perturb-seq,CD4,stim8hr,1
REPIN1,Perturb-seq,CD4,stim8hr,1
REST,Perturb-seq,CD4,stim8hr,1
REXO4,Perturb-seq,CD4,stim8hr,1
RFX1,Perturb-seq,CD4,stim8hr,1
RFX2,Perturb-seq,CD4,stim8hr,1
RFX5,Perturb-seq,CD4,stim8hr,1
RFX7,Perturb-seq,CD4,stim8hr,1
RLF,Perturb-seq,CD4,stim8hr,1
RREB1,Perturb-seq,CD4,stim8hr,1
RUNX2,Perturb-seq,CD4,stim8hr,1
RUNX3,Perturb-seq,CD4,stim8hr,1
SAFB,Perturb-seq,CD4,stim8hr,1
SETDB1,Perturb-seq,CD4,stim8hr,1
SETDB2,Perturb-seq,CD4,stim8hr,1
SKI,Perturb-seq,CD4,stim8hr,1
SMAD1,Perturb-seq,CD4,stim8hr,1
SMAD3,Perturb-seq,CD4,stim8hr,1
SMAD4,Perturb-seq,CD4,stim8hr,1
SMAD5,Perturb-seq,CD4,stim8hr,1
SMYD3,Perturb-seq,CD4,stim8hr,1
SP1,Perturb-seq,CD4,stim8hr,1
SP100,Perturb-seq,CD4,stim8hr,1
SP110,Perturb-seq,CD4,stim8hr,1
SP140L,Perturb-seq,CD4,stim8hr,1
SP2,Perturb-seq,CD4,stim8hr,1
SP3,Perturb-seq,CD4,stim8hr,1
SP4,Perturb-seq,CD4,stim8hr,1
SPEN,Perturb-seq,CD4,stim8hr,1
SREBF1,Perturb-seq,CD4,stim8hr,1
SREBF2,Perturb-seq,CD4,stim8hr,1
SRF,Perturb-seq,CD4,stim8hr,1
STAT1,Perturb-seq,CD4,stim8hr,1
STAT2,Perturb-seq,CD4,stim8hr,1
STAT3,Perturb-seq,CD4,stim8hr,1
STAT5A,Perturb-seq,CD4,stim8hr,1
STAT5B,Perturb-seq,CD4,stim8hr,1
STAT6,Perturb-seq,CD4,stim8hr,1
TBP,Perturb-seq,CD4,stim8hr,1
TBPL1,Perturb-seq,CD4,stim8hr,1
TBX21,Perturb-seq,CD4,stim8hr,1
TCF7,Perturb-seq,CD4,stim8hr,1
TEAD4,Perturb-seq,CD4,stim8hr,1
TERF1,Perturb-seq,CD4,stim8hr,1
TET2,Perturb-seq,CD4,stim8hr,1
TFAP4,Perturb-seq,CD4,stim8hr,1
TFCP2,Perturb-seq,CD4,stim8hr,1
TFDP1,Perturb-seq,CD4,stim8hr,1
TGIF1,Perturb-seq,CD4,stim8hr,1
TGIF2,Perturb-seq,CD4,stim8hr,1
THAP11,Perturb-seq,CD4,stim8hr,1
THAP3,Perturb-seq,CD4,stim8hr,1
THAP5,Perturb-seq,CD4,stim8hr,1
THAP7,Perturb-seq,CD4,stim8hr,1
TIGD5,Perturb-seq,CD4,stim8hr,1
TMF1,Perturb-seq,CD4,stim8hr,1
TP73,Perturb-seq,CD4,stim8hr,1
TRERF1,Perturb-seq,CD4,stim8hr,1
USF2,Perturb-seq,CD4,stim8hr,1
USF3,Perturb-seq,CD4,stim8hr,1
VDR,Perturb-seq,CD4,stim8hr,1
VEZF1,Perturb-seq,CD4,stim8hr,1
WIZ,Perturb-seq,CD4,stim8hr,1
XBP1,Perturb-seq,CD4,stim8hr,1
XPA,Perturb-seq,CD4,stim8hr,1
YBX1,Perturb-seq,CD4,stim8hr,1
YY1,Perturb-seq,CD4,stim8hr,1
ZBED1,Perturb-seq,CD4,stim8hr,1
ZBED2,Perturb-seq,CD4,stim8hr,1
ZBTB14,Perturb-seq,CD4,stim8hr,1
ZBTB17,Perturb-seq,CD4,stim8hr,1
ZBTB2,Perturb-seq,CD4,stim8hr,1
ZBTB21,Perturb-seq,CD4,stim8hr,1
ZBTB3,Perturb-seq,CD4,stim8hr,1
ZBTB32,Perturb-seq,CD4,stim8hr,1
ZBTB33,Perturb-seq,CD4,stim8hr,1
ZBTB34,Perturb-seq,CD4,stim8hr,1
ZBTB39,Perturb-seq,CD4,stim8hr,1
ZBTB40,Perturb-seq,CD4,stim8hr,1
ZBTB44,Perturb-seq,CD4,stim8hr,1
ZBTB48,Perturb-seq,CD4,stim8hr,1
ZBTB5,Perturb-seq,CD4,stim8hr,1
ZBTB7A,Perturb-seq,CD4,stim8hr,1
ZBTB7B,Perturb-seq,CD4,stim8hr,1
ZBTB9,Perturb-seq,CD4,stim8hr,1
ZEB1,Perturb-seq,CD4,stim8hr,1
ZFAT,Perturb-seq,CD4,stim8hr,1
ZFHX3,Perturb-seq,CD4,stim8hr,1
ZFP1,Perturb-seq,CD4,stim8hr,1
ZFP14,Perturb-seq,CD4,stim8hr,1
ZFP41,Perturb-seq,CD4,stim8hr,1
ZFP64,Perturb-seq,CD4,stim8hr,1
ZFP82,Perturb-seq,CD4,stim8hr,1
ZFX,Perturb-seq,CD4,stim8hr,1
ZFY,Perturb-seq,CD4,stim8hr,1
ZHX1,Perturb-seq,CD4,stim8hr,1
ZHX2,Perturb-seq,CD4,stim8hr,1
ZHX3,Perturb-seq,CD4,stim8hr,1
ZIK1,Perturb-seq,CD4,stim8hr,1
ZKSCAN1,Perturb-seq,CD4,stim8hr,1
ZKSCAN4,Perturb-seq,CD4,stim8hr,1
ZNF100,Perturb-seq,CD4,stim8hr,1
ZNF101,Perturb-seq,CD4,stim8hr,1
ZNF12,Perturb-seq,CD4,stim8hr,1
ZNF131,Perturb-seq,CD4,stim8hr,1
ZNF132,Perturb-seq,CD4,stim8hr,1
ZNF14,Perturb-seq,CD4,stim8hr,1
ZNF140,Perturb-seq,CD4,stim8hr,1
ZNF141,Perturb-seq,CD4,stim8hr,1
ZNF146,Perturb-seq,CD4,stim8hr,1
ZNF148,Perturb-seq,CD4,stim8hr,1
ZNF16,Perturb-seq,CD4,stim8hr,1
ZNF160,Perturb-seq,CD4,stim8hr,1
ZNF169,Perturb-seq,CD4,stim8hr,1
ZNF18,Perturb-seq,CD4,stim8hr,1
ZNF180,Perturb-seq,CD4,stim8hr,1
ZNF184,Perturb-seq,CD4,stim8hr,1
ZNF189,Perturb-seq,CD4,stim8hr,1
ZNF200,Perturb-seq,CD4,stim8hr,1
ZNF202,Perturb-seq,CD4,stim8hr,1
ZNF211,Perturb-seq,CD4,stim8hr,1
ZNF212,Perturb-seq,CD4,stim8hr,1
ZNF25,Perturb-seq,CD4,stim8hr,1
ZNF253,Perturb-seq,CD4,stim8hr,1
ZNF256,Perturb-seq,CD4,stim8hr,1
ZNF263,Perturb-seq,CD4,stim8hr,1
ZNF264,Perturb-seq,CD4,stim8hr,1
ZNF268,Perturb-seq,CD4,stim8hr,1
ZNF273,Perturb-seq,CD4,stim8hr,1
ZNF274,Perturb-seq,CD4,stim8hr,1
ZNF280B,Perturb-seq,CD4,stim8hr,1
ZNF280C,Perturb-seq,CD4,stim8hr,1
ZNF280D,Perturb-seq,CD4,stim8hr,1
ZNF281,Perturb-seq,CD4,stim8hr,1
ZNF282,Perturb-seq,CD4,stim8hr,1
ZNF284,Perturb-seq,CD4,stim8hr,1
ZNF292,Perturb-seq,CD4,stim8hr,1
ZNF296,Perturb-seq,CD4,stim8hr,1
ZNF302,Perturb-seq,CD4,stim8hr,1
ZNF316,Perturb-seq,CD4,stim8hr,1
ZNF317,Perturb-seq,CD4,stim8hr,1
ZNF318,Perturb-seq,CD4,stim8hr,1
ZNF322,Perturb-seq,CD4,stim8hr,1
ZNF324,Perturb-seq,CD4,stim8hr,1
ZNF33A,Perturb-seq,CD4,stim8hr,1
ZNF34,Perturb-seq,CD4,stim8hr,1
ZNF343,Perturb-seq,CD4,stim8hr,1
ZNF345,Perturb-seq,CD4,stim8hr,1
ZNF346,Perturb-seq,CD4,stim8hr,1
ZNF354B,Perturb-seq,CD4,stim8hr,1
ZNF362,Perturb-seq,CD4,stim8hr,1
ZNF384,Perturb-seq,CD4,stim8hr,1
ZNF394,Perturb-seq,CD4,stim8hr,1
ZNF397,Perturb-seq,CD4,stim8hr,1
ZNF398,Perturb-seq,CD4,stim8hr,1
ZNF41,Perturb-seq,CD4,stim8hr,1
ZNF410,Perturb-seq,CD4,stim8hr,1
ZNF414,Perturb-seq,CD4,stim8hr,1
ZNF420,Perturb-seq,CD4,stim8hr,1
ZNF426,Perturb-seq,CD4,stim8hr,1
ZNF428,Perturb-seq,CD4,stim8hr,1
ZNF43,Perturb-seq,CD4,stim8hr,1
ZNF430,Perturb-seq,CD4,stim8hr,1
ZNF436,Perturb-seq,CD4,stim8hr,1
ZNF44,Perturb-seq,CD4,stim8hr,1
ZNF444,Perturb-seq,CD4,stim8hr,1
ZNF470,Perturb-seq,CD4,stim8hr,1
ZNF480,Perturb-seq,CD4,stim8hr,1
ZNF485,Perturb-seq,CD4,stim8hr,1
ZNF486,Perturb-seq,CD4,stim8hr,1
ZNF492,Perturb-seq,CD4,stim8hr,1
ZNF507,Perturb-seq,CD4,stim8hr,1
ZNF518B,Perturb-seq,CD4,stim8hr,1
ZNF526,Perturb-seq,CD4,stim8hr,1
ZNF530,Perturb-seq,CD4,stim8hr,1
ZNF544,Perturb-seq,CD4,stim8hr,1
ZNF546,Perturb-seq,CD4,stim8hr,1
ZNF549,Perturb-seq,CD4,stim8hr,1
ZNF550,Perturb-seq,CD4,stim8hr,1
ZNF552,Perturb-seq,CD4,stim8hr,1
ZNF554,Perturb-seq,CD4,stim8hr,1
ZNF558,Perturb-seq,CD4,stim8hr,1
ZNF561,Perturb-seq,CD4,stim8hr,1
ZNF562,Perturb-seq,CD4,stim8hr,1
ZNF566,Perturb-seq,CD4,stim8hr,1
ZNF576,Perturb-seq,CD4,stim8hr,1
ZNF579,Perturb-seq,CD4,stim8hr,1
ZNF583,Perturb-seq,CD4,stim8hr,1
ZNF584,Perturb-seq,CD4,stim8hr,1
ZNF586,Perturb-seq,CD4,stim8hr,1
ZNF589,Perturb-seq,CD4,stim8hr,1
ZNF595,Perturb-seq,CD4,stim8hr,1
ZNF597,Perturb-seq,CD4,stim8hr,1
ZNF600,Perturb-seq,CD4,stim8hr,1
ZNF605,Perturb-seq,CD4,stim8hr,1
ZNF613,Perturb-seq,CD4,stim8hr,1
ZNF614,Perturb-seq,CD4,stim8hr,1
ZNF620,Perturb-seq,CD4,stim8hr,1
ZNF623,Perturb-seq,CD4,stim8hr,1
ZNF626,Perturb-seq,CD4,stim8hr,1
ZNF627,Perturb-seq,CD4,stim8hr,1
ZNF630,Perturb-seq,CD4,stim8hr,1
ZNF639,Perturb-seq,CD4,stim8hr,1
ZNF641,Perturb-seq,CD4,stim8hr,1
ZNF644,Perturb-seq,CD4,stim8hr,1
ZNF649,Perturb-seq,CD4,stim8hr,1
ZNF652,Perturb-seq,CD4,stim8hr,1
ZNF653,Perturb-seq,CD4,stim8hr,1
ZNF655,Perturb-seq,CD4,stim8hr,1
ZNF664,Perturb-seq,CD4,stim8hr,1
ZNF671,Perturb-seq,CD4,stim8hr,1
ZNF672,Perturb-seq,CD4,stim8hr,1
ZNF675,Perturb-seq,CD4,stim8hr,1
ZNF680,Perturb-seq,CD4,stim8hr,1
ZNF684,Perturb-seq,CD4,stim8hr,1
ZNF687,Perturb-seq,CD4,stim8hr,1
ZNF691,Perturb-seq,CD4,stim8hr,1
ZNF692,Perturb-seq,CD4,stim8hr,1
ZNF696,Perturb-seq,CD4,stim8hr,1
ZNF697,Perturb-seq,CD4,stim8hr,1
ZNF7,Perturb-seq,CD4,stim8hr,1
ZNF70,Perturb-seq,CD4,stim8hr,1
ZNF704,Perturb-seq,CD4,stim8hr,1
ZNF706,Perturb-seq,CD4,stim8hr,1
ZNF710,Perturb-seq,CD4,stim8hr,1
ZNF714,Perturb-seq,CD4,stim8hr,1
ZNF718,Perturb-seq,CD4,stim8hr,1
ZNF736,Perturb-seq,CD4,stim8hr,1
ZNF74,Perturb-seq,CD4,stim8hr,1
ZNF740,Perturb-seq,CD4,stim8hr,1
ZNF75A,Perturb-seq,CD4,stim8hr,1
ZNF75D,Perturb-seq,CD4,stim8hr,1
ZNF76,Perturb-seq,CD4,stim8hr,1
ZNF766,Perturb-seq,CD4,stim8hr,1
ZNF768,Perturb-seq,CD4,stim8hr,1
ZNF770,Perturb-seq,CD4,stim8hr,1
ZNF771,Perturb-seq,CD4,stim8hr,1
ZNF777,Perturb-seq,CD4,stim8hr,1
ZNF780A,Perturb-seq,CD4,stim8hr,1
ZNF785,Perturb-seq,CD4,stim8hr,1
ZNF786,Perturb-seq,CD4,stim8hr,1
ZNF79,Perturb-seq,CD4,stim8hr,1
ZNF790,Perturb-seq,CD4,stim8hr,1
ZNF792,Perturb-seq,CD4,stim8hr,1
ZNF8,Perturb-seq,CD4,stim8hr,1
ZNF800,Perturb-seq,CD4,stim8hr,1
ZNF827,Perturb-seq,CD4,stim8hr,1
ZNF891,Perturb-seq,CD4,stim8hr,1
ZNF92,Perturb-seq,CD4,stim8hr,1
ZSCAN18,Perturb-seq,CD4,stim8hr,1
ZSCAN2,Perturb-seq,CD4,stim8hr,1
ZSCAN21,Perturb-seq,CD4,stim8hr,1
ZSCAN25,Perturb-seq,CD4,stim8hr,1
ZSCAN26,Perturb-seq,CD4,stim8hr,1
ZSCAN5A,Perturb-seq,CD4,stim8hr,1
ZXDC,Perturb-seq,CD4,stim8hr,1
ADNP,Perturb-seq,CD4,stim48hr,1
ADNP2,Perturb-seq,CD4,stim48hr,1
AEBP2,Perturb-seq,CD4,stim48hr,1
AHDC1,Perturb-seq,CD4,stim48hr,1
AHR,Perturb-seq,CD4,stim48hr,1
AKAP8L,Perturb-seq,CD4,stim48hr,1
ARID2,Perturb-seq,CD4,stim48hr,1
ARID3A,Perturb-seq,CD4,stim48hr,1
ARID3B,Perturb-seq,CD4,stim48hr,1
ARID5A,Perturb-seq,CD4,stim48hr,1
ARNT,Perturb-seq,CD4,stim48hr,1
ASH1L,Perturb-seq,CD4,stim48hr,1
ATF1,Perturb-seq,CD4,stim48hr,1
ATF3,Perturb-seq,CD4,stim48hr,1
ATF4,Perturb-seq,CD4,stim48hr,1
ATF6,Perturb-seq,CD4,stim48hr,1
ATF6B,Perturb-seq,CD4,stim48hr,1
ATF7,Perturb-seq,CD4,stim48hr,1
ATMIN,Perturb-seq,CD4,stim48hr,1
BACH2,Perturb-seq,CD4,stim48hr,1
BATF,Perturb-seq,CD4,stim48hr,1
BATF3,Perturb-seq,CD4,stim48hr,1
BAZ2A,Perturb-seq,CD4,stim48hr,1
BBX,Perturb-seq,CD4,stim48hr,1
BCL6,Perturb-seq,CD4,stim48hr,1
BHLHE40,Perturb-seq,CD4,stim48hr,1
BPTF,Perturb-seq,CD4,stim48hr,1
CAMTA1,Perturb-seq,CD4,stim48hr,1
CAMTA2,Perturb-seq,CD4,stim48hr,1
CEBPB,Perturb-seq,CD4,stim48hr,1
CENPB,Perturb-seq,CD4,stim48hr,1
CENPS,Perturb-seq,CD4,stim48hr,1
CHAMP1,Perturb-seq,CD4,stim48hr,1
CIC,Perturb-seq,CD4,stim48hr,1
CLOCK,Perturb-seq,CD4,stim48hr,1
CREB1,Perturb-seq,CD4,stim48hr,1
CREBL2,Perturb-seq,CD4,stim48hr,1
CSRNP1,Perturb-seq,CD4,stim48hr,1
CUX1,Perturb-seq,CD4,stim48hr,1
CXXC1,Perturb-seq,CD4,stim48hr,1
DDIT3,Perturb-seq,CD4,stim48hr,1
DEAF1,Perturb-seq,CD4,stim48hr,1
DMTF1,Perturb-seq,CD4,stim48hr,1
DNTTIP1,Perturb-seq,CD4,stim48hr,1
DOT1L,Perturb-seq,CD4,stim48hr,1
DR1,Perturb-seq,CD4,stim48hr,1
E2F1,Perturb-seq,CD4,stim48hr,1
E2F3,Perturb-seq,CD4,stim48hr,1
E2F4,Perturb-seq,CD4,stim48hr,1
E2F5,Perturb-seq,CD4,stim48hr,1
E2F6,Perturb-seq,CD4,stim48hr,1
E2F7,Perturb-seq,CD4,stim48hr,1
E2F8,Perturb-seq,CD4,stim48hr,1
EGR1,Perturb-seq,CD4,stim48hr,1
EGR2,Perturb-seq,CD4,stim48hr,1
EGR3,Perturb-seq,CD4,stim48hr,1
ELF4,Perturb-seq,CD4,stim48hr,1
EPAS1,Perturb-seq,CD4,stim48hr,1
ERF,Perturb-seq,CD4,stim48hr,1
ESRRA,Perturb-seq,CD4,stim48hr,1
ETS2,Perturb-seq,CD4,stim48hr,1
FAM200B,Perturb-seq,CD4,stim48hr,1
FBXL19,Perturb-seq,CD4,stim48hr,1
FLI1,Perturb-seq,CD4,stim48hr,1
FOS,Perturb-seq,CD4,stim48hr,1
FOSL1,Perturb-seq,CD4,stim48hr,1
FOSL2,Perturb-seq,CD4,stim48hr,1
FOXJ2,Perturb-seq,CD4,stim48hr,1
FOXK1,Perturb-seq,CD4,stim48hr,1
FOXK2,Perturb-seq,CD4,stim48hr,1
FOXN2,Perturb-seq,CD4,stim48hr,1
FOXO1,Perturb-seq,CD4,stim48hr,1
FOXO4,Perturb-seq,CD4,stim48hr,1
FOXP3,Perturb-seq,CD4,stim48hr,1
FOXP4,Perturb-seq,CD4,stim48hr,1
GABPA,Perturb-seq,CD4,stim48hr,1
GATA3,Perturb-seq,CD4,stim48hr,1
GATAD2B,Perturb-seq,CD4,stim48hr,1
GLI4,Perturb-seq,CD4,stim48hr,1
GMEB1,Perturb-seq,CD4,stim48hr,1
GPBP1,Perturb-seq,CD4,stim48hr,1
GTF2I,Perturb-seq,CD4,stim48hr,1
GTF2IRD1,Perturb-seq,CD4,stim48hr,1
HBP1,Perturb-seq,CD4,stim48hr,1
HIC1,Perturb-seq,CD4,stim48hr,1
HIF1A,Perturb-seq,CD4,stim48hr,1
HMG20B,Perturb-seq,CD4,stim48hr,1
HSF2,Perturb-seq,CD4,stim48hr,1
HSF5,Perturb-seq,CD4,stim48hr,1
IKZF2,Perturb-seq,CD4,stim48hr,1
IRF1,Perturb-seq,CD4,stim48hr,1
IRF2,Perturb-seq,CD4,stim48hr,1
IRF7,Perturb-seq,CD4,stim48hr,1
IRF8,Perturb-seq,CD4,stim48hr,1
ISL2,Perturb-seq,CD4,stim48hr,1
JDP2,Perturb-seq,CD4,stim48hr,1
JUN,Perturb-seq,CD4,stim48hr,1
JUNB,Perturb-seq,CD4,stim48hr,1
JUND,Perturb-seq,CD4,stim48hr,1
KAT7,Perturb-seq,CD4,stim48hr,1
KDM2A,Perturb-seq,CD4,stim48hr,1
KLF10,Perturb-seq,CD4,stim48hr,1
KLF13,Perturb-seq,CD4,stim48hr,1
KLF7,Perturb-seq,CD4,stim48hr,1
KLF9,Perturb-seq,CD4,stim48hr,1
KMT2B,Perturb-seq,CD4,stim48hr,1
L3MBTL3,Perturb-seq,CD4,stim48hr,1
LCOR,Perturb-seq,CD4,stim48hr,1
LCORL,Perturb-seq,CD4,stim48hr,1
LIN54,Perturb-seq,CD4,stim48hr,1
MAF,Perturb-seq,CD4,stim48hr,1
MAFG,Perturb-seq,CD4,stim48hr,1
MAFK,Perturb-seq,CD4,stim48hr,1
MAX,Perturb-seq,CD4,stim48hr,1
MBD2,Perturb-seq,CD4,stim48hr,1
MBNL2,Perturb-seq,CD4,stim48hr,1
MEF2A,Perturb-seq,CD4,stim48hr,1
MEF2D,Perturb-seq,CD4,stim48hr,1
MGA,Perturb-seq,CD4,stim48hr,1
MLX,Perturb-seq,CD4,stim48hr,1
MSANTD3,Perturb-seq,CD4,stim48hr,1
MSANTD4,Perturb-seq,CD4,stim48hr,1
MTERF2,Perturb-seq,CD4,stim48hr,1
MTF2,Perturb-seq,CD4,stim48hr,1
MXI1,Perturb-seq,CD4,stim48hr,1
MYB,Perturb-seq,CD4,stim48hr,1
MYNN,Perturb-seq,CD4,stim48hr,1
MYSM1,Perturb-seq,CD4,stim48hr,1
NAIF1,Perturb-seq,CD4,stim48hr,1
NCOA1,Perturb-seq,CD4,stim48hr,1
NCOA3,Perturb-seq,CD4,stim48hr,1
NFAT5,Perturb-seq,CD4,stim48hr,1
NFE2L1,Perturb-seq,CD4,stim48hr,1
NFE2L2,Perturb-seq,CD4,stim48hr,1
NFE2L3,Perturb-seq,CD4,stim48hr,1
NFKB1,Perturb-seq,CD4,stim48hr,1
NFKB2,Perturb-seq,CD4,stim48hr,1
NR2C1,Perturb-seq,CD4,stim48hr,1
NR2C2,Perturb-seq,CD4,stim48hr,1
NR3C1,Perturb-seq,CD4,stim48hr,1
NR4A3,Perturb-seq,CD4,stim48hr,1
PA2G4,Perturb-seq,CD4,stim48hr,1
PATZ1,Perturb-seq,CD4,stim48hr,1
PBX3,Perturb-seq,CD4,stim48hr,1
PBX4,Perturb-seq,CD4,stim48hr,1
PCGF6,Perturb-seq,CD4,stim48hr,1
PHF19,Perturb-seq,CD4,stim48hr,1
PHF20,Perturb-seq,CD4,stim48hr,1
PHF21A,Perturb-seq,CD4,stim48hr,1
PIN1,Perturb-seq,CD4,stim48hr,1
PKNOX1,Perturb-seq,CD4,stim48hr,1
POU2AF1,Perturb-seq,CD4,stim48hr,1
POU2F2,Perturb-seq,CD4,stim48hr,1
PPARA,Perturb-seq,CD4,stim48hr,1
PPARD,Perturb-seq,CD4,stim48hr,1
PRDM15,Perturb-seq,CD4,stim48hr,1
PRDM4,Perturb-seq,CD4,stim48hr,1
PRMT3,Perturb-seq,CD4,stim48hr,1
PRR12,Perturb-seq,CD4,stim48hr,1
PURA,Perturb-seq,CD4,stim48hr,1
RARA,Perturb-seq,CD4,stim48hr,1
RARG,Perturb-seq,CD4,stim48hr,1
RBAK,Perturb-seq,CD4,stim48hr,1
RBCK1,Perturb-seq,CD4,stim48hr,1
RBPJ,Perturb-seq,CD4,stim48hr,1
REL,Perturb-seq,CD4,stim48hr,1
RELA,Perturb-seq,CD4,stim48hr,1
RELB,Perturb-seq,CD4,stim48hr,1
REPIN1,Perturb-seq,CD4,stim48hr,1
REST,Perturb-seq,CD4,stim48hr,1
REXO4,Perturb-seq,CD4,stim48hr,1
RFX1,Perturb-seq,CD4,stim48hr,1
RFX2,Perturb-seq,CD4,stim48hr,1
RFX5,Perturb-seq,CD4,stim48hr,1
RFX7,Perturb-seq,CD4,stim48hr,1
RLF,Perturb-seq,CD4,stim48hr,1
RREB1,Perturb-seq,CD4,stim48hr,1
RUNX2,Perturb-seq,CD4,stim48hr,1
RXRB,Perturb-seq,CD4,stim48hr,1
SAFB,Perturb-seq,CD4,stim48hr,1
SAFB2,Perturb-seq,CD4,stim48hr,1
SETBP1,Perturb-seq,CD4,stim48hr,1
SETDB1,Perturb-seq,CD4,stim48hr,1
SGSM2,Perturb-seq,CD4,stim48hr,1
SKI,Perturb-seq,CD4,stim48hr,1
SMAD1,Perturb-seq,CD4,stim48hr,1
SMAD4,Perturb-seq,CD4,stim48hr,1
SMYD3,Perturb-seq,CD4,stim48hr,1
SNAI3,Perturb-seq,CD4,stim48hr,1
SP1,Perturb-seq,CD4,stim48hr,1
SP100,Perturb-seq,CD4,stim48hr,1
SP110,Perturb-seq,CD4,stim48hr,1
SP140L,Perturb-seq,CD4,stim48hr,1
SP2,Perturb-seq,CD4,stim48hr,1
SP3,Perturb-seq,CD4,stim48hr,1
SP4,Perturb-seq,CD4,stim48hr,1
SPEN,Perturb-seq,CD4,stim48hr,1
SREBF1,Perturb-seq,CD4,stim48hr,1
SREBF2,Perturb-seq,CD4,stim48hr,1
STAT1,Perturb-seq,CD4,stim48hr,1
STAT2,Perturb-seq,CD4,stim48hr,1
STAT3,Perturb-seq,CD4,stim48hr,1
STAT5A,Perturb-seq,CD4,stim48hr,1
STAT5B,Perturb-seq,CD4,stim48hr,1
STAT6,Perturb-seq,CD4,stim48hr,1
TBPL1,Perturb-seq,CD4,stim48hr,1
TBX21,Perturb-seq,CD4,stim48hr,1
TCF3,Perturb-seq,CD4,stim48hr,1
TEAD4,Perturb-seq,CD4,stim48hr,1
TERF1,Perturb-seq,CD4,stim48hr,1
TET2,Perturb-seq,CD4,stim48hr,1
TFAP4,Perturb-seq,CD4,stim48hr,1
TFDP1,Perturb-seq,CD4,stim48hr,1
TFDP2,Perturb-seq,CD4,stim48hr,1
TFE3,Perturb-seq,CD4,stim48hr,1
TFEB,Perturb-seq,CD4,stim48hr,1
TGIF1,Perturb-seq,CD4,stim48hr,1
TGIF2,Perturb-seq,CD4,stim48hr,1
THAP11,Perturb-seq,CD4,stim48hr,1
THAP3,Perturb-seq,CD4,stim48hr,1
THAP5,Perturb-seq,CD4,stim48hr,1
THAP7,Perturb-seq,CD4,stim48hr,1
THRA,Perturb-seq,CD4,stim48hr,1
TP73,Perturb-seq,CD4,stim48hr,1
USF2,Perturb-seq,CD4,stim48hr,1
USF3,Perturb-seq,CD4,stim48hr,1
VDR,Perturb-seq,CD4,stim48hr,1
VEZF1,Perturb-seq,CD4,stim48hr,1
WIZ,Perturb-seq,CD4,stim48hr,1
XBP1,Perturb-seq,CD4,stim48hr,1
YBX1,Perturb-seq,CD4,stim48hr,1
YY1,Perturb-seq,CD4,stim48hr,1
ZBED1,Perturb-seq,CD4,stim48hr,1
ZBED2,Perturb-seq,CD4,stim48hr,1
ZBED4,Perturb-seq,CD4,stim48hr,1
ZBTB14,Perturb-seq,CD4,stim48hr,1
ZBTB2,Perturb-seq,CD4,stim48hr,1
ZBTB21,Perturb-seq,CD4,stim48hr,1
ZBTB22,Perturb-seq,CD4,stim48hr,1
ZBTB33,Perturb-seq,CD4,stim48hr,1
ZBTB34,Perturb-seq,CD4,stim48hr,1
ZBTB40,Perturb-seq,CD4,stim48hr,1
ZBTB44,Perturb-seq,CD4,stim48hr,1
ZBTB48,Perturb-seq,CD4,stim48hr,1
ZBTB5,Perturb-seq,CD4,stim48hr,1
ZBTB7A,Perturb-seq,CD4,stim48hr,1
ZBTB7B,Perturb-seq,CD4,stim48hr,1
ZEB1,Perturb-seq,CD4,stim48hr,1
ZFAT,Perturb-seq,CD4,stim48hr,1
ZFP1,Perturb-seq,CD4,stim48hr,1
ZFP14,Perturb-seq,CD4,stim48hr,1
ZFP62,Perturb-seq,CD4,stim48hr,1
ZFP64,Perturb-seq,CD4,stim48hr,1
ZFP69B,Perturb-seq,CD4,stim48hr,1
ZFP82,Perturb-seq,CD4,stim48hr,1
ZFP90,Perturb-seq,CD4,stim48hr,1
ZFX,Perturb-seq,CD4,stim48hr,1
ZHX1,Perturb-seq,CD4,stim48hr,1
ZHX2,Perturb-seq,CD4,stim48hr,1
ZHX3,Perturb-seq,CD4,stim48hr,1
ZIK1,Perturb-seq,CD4,stim48hr,1
ZKSCAN1,Perturb-seq,CD4,stim48hr,1
ZKSCAN4,Perturb-seq,CD4,stim48hr,1
ZKSCAN5,Perturb-seq,CD4,stim48hr,1
ZNF100,Perturb-seq,CD4,stim48hr,1
ZNF107,Perturb-seq,CD4,stim48hr,1
ZNF12,Perturb-seq,CD4,stim48hr,1
ZNF121,Perturb-seq,CD4,stim48hr,1
ZNF14,Perturb-seq,CD4,stim48hr,1
ZNF140,Perturb-seq,CD4,stim48hr,1
ZNF141,Perturb-seq,CD4,stim48hr,1
ZNF146,Perturb-seq,CD4,stim48hr,1
ZNF148,Perturb-seq,CD4,stim48hr,1
ZNF16,Perturb-seq,CD4,stim48hr,1
ZNF160,Perturb-seq,CD4,stim48hr,1
ZNF18,Perturb-seq,CD4,stim48hr,1
ZNF180,Perturb-seq,CD4,stim48hr,1
ZNF182,Perturb-seq,CD4,stim48hr,1
ZNF184,Perturb-seq,CD4,stim48hr,1
ZNF197,Perturb-seq,CD4,stim48hr,1
ZNF200,Perturb-seq,CD4,stim48hr,1
ZNF202,Perturb-seq,CD4,stim48hr,1
ZNF211,Perturb-seq,CD4,stim48hr,1
ZNF215,Perturb-seq,CD4,stim48hr,1
ZNF219,Perturb-seq,CD4,stim48hr,1
ZNF225,Perturb-seq,CD4,stim48hr,1
ZNF227,Perturb-seq,CD4,stim48hr,1
ZNF230,Perturb-seq,CD4,stim48hr,1
ZNF25,Perturb-seq,CD4,stim48hr,1
ZNF256,Perturb-seq,CD4,stim48hr,1
ZNF263,Perturb-seq,CD4,stim48hr,1
ZNF264,Perturb-seq,CD4,stim48hr,1
ZNF273,Perturb-seq,CD4,stim48hr,1
ZNF274,Perturb-seq,CD4,stim48hr,1
ZNF277,Perturb-seq,CD4,stim48hr,1
ZNF280B,Perturb-seq,CD4,stim48hr,1
ZNF280C,Perturb-seq,CD4,stim48hr,1
ZNF280D,Perturb-seq,CD4,stim48hr,1
ZNF282,Perturb-seq,CD4,stim48hr,1
ZNF284,Perturb-seq,CD4,stim48hr,1
ZNF296,Perturb-seq,CD4,stim48hr,1
ZNF3,Perturb-seq,CD4,stim48hr,1
ZNF302,Perturb-seq,CD4,stim48hr,1
ZNF316,Perturb-seq,CD4,stim48hr,1
ZNF317,Perturb-seq,CD4,stim48hr,1
ZNF318,Perturb-seq,CD4,stim48hr,1
ZNF32,Perturb-seq,CD4,stim48hr,1
ZNF322,Perturb-seq,CD4,stim48hr,1
ZNF326,Perturb-seq,CD4,stim48hr,1
ZNF329,Perturb-seq,CD4,stim48hr,1
ZNF33A,Perturb-seq,CD4,stim48hr,1
ZNF33B,Perturb-seq,CD4,stim48hr,1
ZNF34,Perturb-seq,CD4,stim48hr,1
ZNF343,Perturb-seq,CD4,stim48hr,1
ZNF345,Perturb-seq,CD4,stim48hr,1
ZNF346,Perturb-seq,CD4,stim48hr,1
ZNF350,Perturb-seq,CD4,stim48hr,1
ZNF354A,Perturb-seq,CD4,stim48hr,1
ZNF362,Perturb-seq,CD4,stim48hr,1
ZNF384,Perturb-seq,CD4,stim48hr,1
ZNF394,Perturb-seq,CD4,stim48hr,1
ZNF396,Perturb-seq,CD4,stim48hr,1
ZNF397,Perturb-seq,CD4,stim48hr,1
ZNF398,Perturb-seq,CD4,stim48hr,1
ZNF410,Perturb-seq,CD4,stim48hr,1
ZNF414,Perturb-seq,CD4,stim48hr,1
ZNF426,Perturb-seq,CD4,stim48hr,1
ZNF428,Perturb-seq,CD4,stim48hr,1
ZNF43,Perturb-seq,CD4,stim48hr,1
ZNF430,Perturb-seq,CD4,stim48hr,1
ZNF436,Perturb-seq,CD4,stim48hr,1
ZNF44,Perturb-seq,CD4,stim48hr,1
ZNF444,Perturb-seq,CD4,stim48hr,1
ZNF451,Perturb-seq,CD4,stim48hr,1
ZNF48,Perturb-seq,CD4,stim48hr,1
ZNF480,Perturb-seq,CD4,stim48hr,1
ZNF486,Perturb-seq,CD4,stim48hr,1
ZNF492,Perturb-seq,CD4,stim48hr,1
ZNF507,Perturb-seq,CD4,stim48hr,1
ZNF512,Perturb-seq,CD4,stim48hr,1
ZNF512B,Perturb-seq,CD4,stim48hr,1
ZNF513,Perturb-seq,CD4,stim48hr,1
ZNF518B,Perturb-seq,CD4,stim48hr,1
ZNF519,Perturb-seq,CD4,stim48hr,1
ZNF526,Perturb-seq,CD4,stim48hr,1
ZNF530,Perturb-seq,CD4,stim48hr,1
ZNF544,Perturb-seq,CD4,stim48hr,1
ZNF546,Perturb-seq,CD4,stim48hr,1
ZNF549,Perturb-seq,CD4,stim48hr,1
ZNF550,Perturb-seq,CD4,stim48hr,1
ZNF552,Perturb-seq,CD4,stim48hr,1
ZNF554,Perturb-seq,CD4,stim48hr,1
ZNF557,Perturb-seq,CD4,stim48hr,1
ZNF559,Perturb-seq,CD4,stim48hr,1
ZNF561,Perturb-seq,CD4,stim48hr,1
ZNF562,Perturb-seq,CD4,stim48hr,1
ZNF566,Perturb-seq,CD4,stim48hr,1
ZNF567,Perturb-seq,CD4,stim48hr,1
ZNF571,Perturb-seq,CD4,stim48hr,1
ZNF576,Perturb-seq,CD4,stim48hr,1
ZNF579,Perturb-seq,CD4,stim48hr,1
ZNF583,Perturb-seq,CD4,stim48hr,1
ZNF586,Perturb-seq,CD4,stim48hr,1
ZNF589,Perturb-seq,CD4,stim48hr,1
ZNF592,Perturb-seq,CD4,stim48hr,1
ZNF595,Perturb-seq,CD4,stim48hr,1
ZNF597,Perturb-seq,CD4,stim48hr,1
ZNF600,Perturb-seq,CD4,stim48hr,1
ZNF613,Perturb-seq,CD4,stim48hr,1
ZNF614,Perturb-seq,CD4,stim48hr,1
ZNF619,Perturb-seq,CD4,stim48hr,1
ZNF623,Perturb-seq,CD4,stim48hr,1
ZNF628,Perturb-seq,CD4,stim48hr,1
ZNF639,Perturb-seq,CD4,stim48hr,1
ZNF641,Perturb-seq,CD4,stim48hr,1
ZNF644,Perturb-seq,CD4,stim48hr,1
ZNF649,Perturb-seq,CD4,stim48hr,1
ZNF652,Perturb-seq,CD4,stim48hr,1
ZNF653,Perturb-seq,CD4,stim48hr,1
ZNF655,Perturb-seq,CD4,stim48hr,1
ZNF664,Perturb-seq,CD4,stim48hr,1
ZNF671,Perturb-seq,CD4,stim48hr,1
ZNF680,Perturb-seq,CD4,stim48hr,1
ZNF682,Perturb-seq,CD4,stim48hr,1
ZNF684,Perturb-seq,CD4,stim48hr,1
ZNF687,Perturb-seq,CD4,stim48hr,1
ZNF692,Perturb-seq,CD4,stim48hr,1
ZNF696,Perturb-seq,CD4,stim48hr,1
ZNF697,Perturb-seq,CD4,stim48hr,1
ZNF7,Perturb-seq,CD4,stim48hr,1
ZNF70,Perturb-seq,CD4,stim48hr,1
ZNF700,Perturb-seq,CD4,stim48hr,1
ZNF706,Perturb-seq,CD4,stim48hr,1
ZNF71,Perturb-seq,CD4,stim48hr,1
ZNF710,Perturb-seq,CD4,stim48hr,1
ZNF714,Perturb-seq,CD4,stim48hr,1
ZNF718,Perturb-seq,CD4,stim48hr,1
ZNF736,Perturb-seq,CD4,stim48hr,1
ZNF74,Perturb-seq,CD4,stim48hr,1
ZNF740,Perturb-seq,CD4,stim48hr,1
ZNF76,Perturb-seq,CD4,stim48hr,1
ZNF766,Perturb-seq,CD4,stim48hr,1
ZNF770,Perturb-seq,CD4,stim48hr,1
ZNF774,Perturb-seq,CD4,stim48hr,1
ZNF777,Perturb-seq,CD4,stim48hr,1
ZNF780A,Perturb-seq,CD4,stim48hr,1
ZNF785,Perturb-seq,CD4,stim48hr,1
ZNF786,Perturb-seq,CD4,stim48hr,1
ZNF790,Perturb-seq,CD4,stim48hr,1
ZNF800,Perturb-seq,CD4,stim48hr,1
ZNF816,Perturb-seq,CD4,stim48hr,1
ZNF821,Perturb-seq,CD4,stim48hr,1
ZNF827,Perturb-seq,CD4,stim48hr,1
ZNF837,Perturb-seq,CD4,stim48hr,1
ZNF880,Perturb-seq,CD4,stim48hr,1
ZNF90,Perturb-seq,CD4,stim48hr,1
ZNF92,Perturb-seq,CD4,stim48hr,1
ZSCAN12,Perturb-seq,CD4,stim48hr,1
ZSCAN2,Perturb-seq,CD4,stim48hr,1
ZSCAN21,Perturb-seq,CD4,stim48hr,1
ZSCAN22,Perturb-seq,CD4,stim48hr,1
ZSCAN25,Perturb-seq,CD4,stim48hr,1
ZSCAN26,Perturb-seq,CD4,stim48hr,1
ZXDC,Perturb-seq,CD4,stim48hr,1
