axis	index	name
row	0	AAGAB
row	1	AAK1
row	2	AAMP
row	3	AAR2
row	4	AARSD1
row	5	AATF
row	6	ABCE1
row	7	ABCF1
row	8	ABCF2
row	9	ABHD12
row	10	ABHD14B
row	11	ABI3
row	12	ABLIM1
row	13	ABRACL
row	14	ABT1
row	15	ABTB1
row	16	ACAA1
row	17	ACADM
row	18	ACAP1
row	19	ACAT2
row	20	ACBD6
row	21	ACD
row	22	ACIN1
row	23	ACLY
row	24	ACO2
row	25	ACOT13
row	26	ACOT7
row	27	ACOT9
row	28	ACP1
row	29	ACP2
row	30	ACSL4
row	31	ACSL5
row	32	ACSL6
row	33	ACTB
row	34	ACTG1
row	35	ACTL6A
row	36	ACTN1
row	37	ACTN4
row	38	ACTR1A
row	39	ACTR1B
row	40	ACTR2
row	41	ACTR3
row	42	ADAM15
row	43	ADAM17
row	44	ADAM19
row	45	ADAM8
row	46	ADAR
row	47	ADD3
row	48	ADGRE5
row	49	ADH5
row	50	ADI1
row	51	ADIPOR1
row	52	ADIPOR2
row	53	ADK
row	54	ADO
row	55	ADPGK
row	56	ADPRM
row	57	ADRM1
row	58	ADSL
row	59	ADTRP
row	60	AEN
row	61	AFG3L2
row	62	AFTPH
row	63	AGFG1
row	64	AGK
row	65	AGMAT
row	66	AGO2
row	67	AGPAT2
row	68	AGPAT3
row	69	AGPAT5
row	70	AGPS
row	71	AHCY
row	72	AHCYL1
row	73	AHNAK
row	74	AHR
row	75	AHSA1
row	76	AIM2
row	77	AIMP1
row	78	AIMP2
row	79	AIP
row	80	AK2
row	81	AK4
row	82	AK5
row	83	AK6
row	84	AKAP1
row	85	AKAP13
row	86	AKAP7
row	87	AKAP8
row	88	AKAP9
row	89	AKIRIN1
row	90	AKIRIN2
row	91	AKNA
row	92	AKR1A1
row	93	AKR7A2
row	94	AKT1
row	95	AKT2
row	96	AKTIP
row	97	ALAS1
row	98	ALDH18A1
row	99	ALDH1B1
row	100	ALDOA
row	101	ALG13
row	102	ALG3
row	103	ALG5
row	104	ALG8
row	105	ALKBH2
row	106	ALKBH5
row	107	ALKBH7
row	108	ALOX5AP
row	109	ALYREF
row	110	AMD1
row	111	AMDHD2
row	112	ANAPC1
row	113	ANAPC10
row	114	ANAPC11
row	115	ANAPC15
row	116	ANAPC16
row	117	ANAPC5
row	118	ANKLE2
row	119	ANKRA2
row	120	ANKRD11
row	121	ANKRD12
row	122	ANKRD17
row	123	ANKRD36
row	124	ANKRD37
row	125	ANKRD39
row	126	ANKRD40
row	127	ANKZF1
row	128	ANP32A
row	129	ANP32B
row	130	ANP32E
row	131	ANTXR2
row	132	ANXA1
row	133	ANXA2
row	134	ANXA2R
row	135	ANXA6
row	136	ANXA7
row	137	AP1B1
row	138	AP1G2
row	139	AP1S1
row	140	AP1S2
row	141	AP2B1
row	142	AP2M1
row	143	AP2S1
row	144	AP3D1
row	145	AP3S1
row	146	AP5B1
row	147	APBA2
row	148	APBA3
row	149	APBB1IP
row	150	APEX1
row	151	APH1A
row	152	API5
row	153	APIP
row	154	APMAP
row	155	APOBEC3G
row	156	APOL1
row	157	APOL2
row	158	APOL3
row	159	APOL6
row	160	APOLD1
row	161	APPL1
row	162	APRT
row	163	APTX
row	164	AQP3
row	165	ARAF
row	166	ARAP2
row	167	ARCN1
row	168	AREG
row	169	ARF1
row	170	ARF3
row	171	ARF4
row	172	ARF5
row	173	ARF6
row	174	ARFGAP3
row	175	ARFIP2
row	176	ARFRP1
row	177	ARGLU1
row	178	ARHGAP15
row	179	ARHGAP25
row	180	ARHGAP30
row	181	ARHGAP9
row	182	ARHGDIA
row	183	ARHGDIB
row	184	ARHGEF1
row	185	ARHGEF3
row	186	ARID1A
row	187	ARID3A
row	188	ARID4A
row	189	ARID4B
row	190	ARID5A
row	191	ARID5B
row	192	ARIH2
row	193	ARL1
row	194	ARL14EP
row	195	ARL16
row	196	ARL2
row	197	ARL2BP
row	198	ARL4A
row	199	ARL4C
row	200	ARL5A
row	201	ARL6IP1
row	202	ARL6IP5
row	203	ARL8A
row	204	ARL8B
row	205	ARMC1
row	206	ARMC10
row	207	ARMC6
row	208	ARMCX3
row	209	ARPC1A
row	210	ARPC1B
row	211	ARPC2
row	212	ARPC3
row	213	ARPC4
row	214	ARPC5L
row	215	ARPP19
row	216	ARRB2
row	217	ARRDC2
row	218	ARRDC3
row	219	ASAH1
row	220	ASAP1
row	221	ASB1
row	222	ASB6
row	223	ASCC1
row	224	ASCC2
row	225	ASCC3
row	226	ASF1A
row	227	ASNS
row	228	ASNSD1
row	229	ASPHD2
row	230	ASXL1
row	231	ATAD3A
row	232	ATAD3B
row	233	ATF1
row	234	ATF2
row	235	ATF3
row	236	ATF4
row	237	ATF5
row	238	ATF6
row	239	ATF7
row	240	ATF7IP
row	241	ATG10
row	242	ATG101
row	243	ATG12
row	244	ATG3
row	245	ATG5
row	246	ATIC
row	247	ATL3
row	248	ATM
row	249	ATN1
row	250	ATOX1
row	251	ATP13A2
row	252	ATP13A3
row	253	ATP1B3
row	254	ATP2A2
row	255	ATP2C1
row	256	ATP6AP2
row	257	ATP6V0A2
row	258	ATP6V0B
row	259	ATP6V0D1
row	260	ATP6V0E1
row	261	ATP6V0E2
row	262	ATP6V1B2
row	263	ATP6V1C1
row	264	ATP6V1D
row	265	ATP6V1E1
row	266	ATP6V1F
row	267	ATP6V1G1
row	268	ATPAF1
row	269	ATPAF2
row	270	ATXN1
row	271	ATXN10
row	272	ATXN2L
row	273	ATXN7
row	274	ATXN7L1
row	275	AUH
row	276	AUP1
row	277	AURKAIP1
row	278	AZIN1
row	279	B2M
row	280	B3GALT6
row	281	B3GAT3
row	282	B3GNT2
row	283	B4GALT3
row	284	B4GALT5
row	285	B4GALT7
row	286	BABAM1
row	287	BACH1
row	288	BACH2
row	289	BAD
row	290	BAG1
row	291	BAG2
row	292	BAK1
row	293	BANF1
row	294	BAP1
row	295	BATF
row	296	BATF3
row	297	BAX
row	298	BAZ1A
row	299	BAZ1B
row	300	BBIP1
row	301	BCAP29
row	302	BCAP31
row	303	BCAS2
row	304	BCAT2
row	305	BCCIP
row	306	BCKDK
row	307	BCL10
row	308	BCL11A
row	309	BCL11B
row	310	BCL2
row	311	BCL2A1
row	312	BCL2L1
row	313	BCL2L11
row	314	BCL2L12
row	315	BCL2L13
row	316	BCL2L14
row	317	BCL3
row	318	BCL7B
row	319	BCL7C
row	320	BCL9L
row	321	BCLAF1
row	322	BCOR
row	323	BCS1L
row	324	BDP1
row	325	BECN1
row	326	BEST1
row	327	BET1
row	328	BHLHE40
row	329	BID
row	330	BIN1
row	331	BIN2
row	332	BIRC2
row	333	BLOC1S1
row	334	BLOC1S2
row	335	BLOC1S6
row	336	BLVRA
row	337	BMS1
row	338	BNIP1
row	339	BNIP2
row	340	BNIP3
row	341	BNIP3L
row	342	BOD1
row	343	BOLA2B
row	344	BOLA3
row	345	BOP1
row	346	BORCS8
row	347	BPGM
row	348	BPTF
row	349	BRD2
row	350	BRD4
row	351	BRD7
row	352	BRD9
row	353	BRF2
row	354	BRI3
row	355	BRI3BP
row	356	BRIX1
row	357	BRK1
row	358	BRMS1
row	359	BSDC1
row	360	BSG
row	361	BST2
row	362	BTBD1
row	363	BTF3
row	364	BTF3L4
row	365	BTG1
row	366	BTG3
row	367	BTN3A1
row	368	BTN3A2
row	369	BTN3A3
row	370	BUD31
row	371	BYSL
row	372	BZW1
row	373	BZW2
row	374	C11ORF24
row	375	C11ORF58
row	376	C12ORF43
row	377	C12ORF57
row	378	C16ORF54
row	379	C16ORF74
row	380	C16ORF87
row	381	C17ORF58
row	382	C19ORF12
row	383	C19ORF53
row	384	C1D
row	385	C1GALT1
row	386	C1ORF122
row	387	C1ORF162
row	388	C1ORF174
row	389	C1ORF216
row	390	C1ORF43
row	391	C1ORF52
row	392	C1ORF56
row	393	C1QBP
row	394	C21ORF91
row	395	C22ORF39
row	396	C2ORF49
row	397	C2ORF68
row	398	C2ORF76
row	399	C3ORF18
row	400	C4ORF3
row	401	C4ORF46
row	402	C5ORF15
row	403	C5ORF24
row	404	C6ORF120
row	405	C6ORF62
row	406	C6ORF89
row	407	C7ORF50
row	408	C8ORF33
row	409	C8ORF76
row	410	C8ORF82
row	411	C9ORF78
row	412	CAAP1
row	413	CAB39
row	414	CACYBP
row	415	CAD
row	416	CALCOCO1
row	417	CALCOCO2
row	418	CALHM2
row	419	CALM1
row	420	CALM2
row	421	CALM3
row	422	CALR
row	423	CALU
row	424	CAMK2D
row	425	CAMK2G
row	426	CAMK4
row	427	CAMKK2
row	428	CAMLG
row	429	CAMTA1
row	430	CAMTA2
row	431	CAND1
row	432	CANT1
row	433	CANX
row	434	CAP1
row	435	CAPN15
row	436	CAPN2
row	437	CAPNS1
row	438	CAPRIN1
row	439	CAPZA1
row	440	CAPZA2
row	441	CARD11
row	442	CARD16
row	443	CARD19
row	444	CARD8
row	445	CARF
row	446	CARM1
row	447	CARS2
row	448	CASC3
row	449	CASP1
row	450	CASP3
row	451	CAST
row	452	CAT
row	453	CBFA2T2
row	454	CBFB
row	455	CBLB
row	456	CBR1
row	457	CBX1
row	458	CBX3
row	459	CBX5
row	460	CBX6
row	461	CBX7
row	462	CCAR1
row	463	CCAR2
row	464	CCDC117
row	465	CCDC12
row	466	CCDC124
row	467	CCDC137
row	468	CCDC167
row	469	CCDC22
row	470	CCDC25
row	471	CCDC28A
row	472	CCDC43
row	473	CCDC47
row	474	CCDC59
row	475	CCDC6
row	476	CCDC66
row	477	CCDC69
row	478	CCDC71
row	479	CCDC71L
row	480	CCDC85B
row	481	CCDC86
row	482	CCDC88B
row	483	CCDC9
row	484	CCDC90B
row	485	CCL20
row	486	CCL4
row	487	CCL4L2
row	488	CCL5
row	489	CCM2
row	490	CCNC
row	491	CCND2
row	492	CCND3
row	493	CCNDBP1
row	494	CCNE1
row	495	CCNG1
row	496	CCNI
row	497	CCNK
row	498	CCNL1
row	499	CCR7
row	500	CCSER2
row	501	CCT2
row	502	CCT3
row	503	CCT4
row	504	CCT5
row	505	CCT6A
row	506	CCT7
row	507	CCT8
row	508	CCZ1
row	509	CCZ1B
row	510	CD151
row	511	CD164
row	512	CD2
row	513	CD226
row	514	CD247
row	515	CD27
row	516	CD274
row	517	CD28
row	518	CD2AP
row	519	CD2BP2
row	520	CD320
row	521	CD37
row	522	CD38
row	523	CD3D
row	524	CD3E
row	525	CD3G
row	526	CD40LG
row	527	CD44
row	528	CD47
row	529	CD48
row	530	CD5
row	531	CD52
row	532	CD53
row	533	CD55
row	534	CD59
row	535	CD63
row	536	CD69
row	537	CD7
row	538	CD74
row	539	CD81
row	540	CD82
row	541	CD83
row	542	CD84
row	543	CD96
row	544	CDC123
row	545	CDC16
row	546	CDC25B
row	547	CDC26
row	548	CDC27
row	549	CDC34
row	550	CDC37
row	551	CDC42
row	552	CDC42EP3
row	553	CDC42SE1
row	554	CDC5L
row	555	CDC73
row	556	CDCA4
row	557	CDIP1
row	558	CDK11B
row	559	CDK12
row	560	CDK17
row	561	CDK2
row	562	CDK2AP2
row	563	CDK4
row	564	CDK6
row	565	CDK7
row	566	CDK9
row	567	CDKN1A
row	568	CDKN1B
row	569	CDKN2AIPNL
row	570	CDS2
row	571	CDV3
row	572	CEBPA
row	573	CEBPB
row	574	CEBPD
row	575	CEBPG
row	576	CEBPZ
row	577	CENPC
row	578	CENPK
row	579	CENPM
row	580	CENPV
row	581	CEP104
row	582	CEP68
row	583	CERS2
row	584	CES4A
row	585	CFAP20
row	586	CFAP36
row	587	CFAP97
row	588	CFL1
row	589	CFL2
row	590	CFLAR
row	591	CGGBP1
row	592	CHAC1
row	593	CHAC2
row	594	CHAMP1
row	595	CHCHD1
row	596	CHCHD10
row	597	CHCHD2
row	598	CHCHD3
row	599	CHCHD4
row	600	CHCHD5
row	601	CHCHD6
row	602	CHCHD7
row	603	CHD1
row	604	CHD1L
row	605	CHD4
row	606	CHD7
row	607	CHERP
row	608	CHID1
row	609	CHMP1A
row	610	CHMP2A
row	611	CHMP2B
row	612	CHMP4B
row	613	CHMP5
row	614	CHMP6
row	615	CHMP7
row	616	CHORDC1
row	617	CHP1
row	618	CHPF
row	619	CHPF2
row	620	CHPT1
row	621	CHRAC1
row	622	CHST11
row	623	CHST12
row	624	CHST2
row	625	CHSY1
row	626	CHTF8
row	627	CHTOP
row	628	CHUK
row	629	CHURC1
row	630	CIAO1
row	631	CIAPIN1
row	632	CIB1
row	633	CINP
row	634	CIR1
row	635	CIRBP
row	636	CISD1
row	637	CISD2
row	638	CISH
row	639	CITED2
row	640	CIZ1
row	641	CKAP4
row	642	CKLF
row	643	CKS1B
row	644	CKS2
row	645	CLASRP
row	646	CLEC2B
row	647	CLEC2D
row	648	CLINT1
row	649	CLIP1
row	650	CLK1
row	651	CLK4
row	652	CLN6
row	653	CLNS1A
row	654	CLPP
row	655	CLPTM1
row	656	CLPTM1L
row	657	CLTA
row	658	CLTB
row	659	CLTC
row	660	CLUAP1
row	661	CLUH
row	662	CMAS
row	663	CMC1
row	664	CMC2
row	665	CMPK1
row	666	CMSS1
row	667	CMTM3
row	668	CMTM6
row	669	CMTM8
row	670	CNBP
row	671	CNDP2
row	672	CNIH4
row	673	CNN2
row	674	CNN3
row	675	CNOT1
row	676	CNOT11
row	677	CNOT2
row	678	CNOT3
row	679	CNOT6L
row	680	CNOT7
row	681	CNP
row	682	CNPY2
row	683	CNPY3
row	684	CNPY4
row	685	COA3
row	686	COA4
row	687	COA6
row	688	COA7
row	689	COASY
row	690	COG2
row	691	COIL
row	692	COLGALT1
row	693	COMMD1
row	694	COMMD5
row	695	COMMD6
row	696	COMMD7
row	697	COMMD8
row	698	COMT
row	699	COMTD1
row	700	COPA
row	701	COPB1
row	702	COPE
row	703	COPRS
row	704	COPS3
row	705	COPS4
row	706	COPS5
row	707	COPS6
row	708	COPS7B
row	709	COPS8
row	710	COPZ1
row	711	COQ10B
row	712	COQ4
row	713	CORO1A
row	714	COTL1
row	715	COX17
row	716	COX19
row	717	COX20
row	718	COX4I1
row	719	COX5A
row	720	COX5B
row	721	COX6A1
row	722	COX6B1
row	723	COX6C
row	724	COX7A2
row	725	COX7A2L
row	726	COX7B
row	727	COX8A
row	728	CPNE1
row	729	CPOX
row	730	CPSF2
row	731	CPSF4
row	732	CPSF6
row	733	CPSF7
row	734	CRBN
row	735	CREB1
row	736	CREB3
row	737	CREBRF
row	738	CRELD2
row	739	CREM
row	740	CRIP1
row	741	CRIP2
row	742	CRIPT
row	743	CRLF3
row	744	CRLS1
row	745	CRTAP
row	746	CRYZL1
row	747	CS
row	748	CSDE1
row	749	CSE1L
row	750	CSF1
row	751	CSGALNACT1
row	752	CSK
row	753	CSNK1A1
row	754	CSNK1D
row	755	CSNK1G3
row	756	CSNK2A1
row	757	CSNK2B
row	758	CSRNP1
row	759	CST7
row	760	CSTB
row	761	CSTF2
row	762	CSTF2T
row	763	CTBP1
row	764	CTCF
row	765	CTDNEP1
row	766	CTDP1
row	767	CTDSP2
row	768	CTLA4
row	769	CTNNB1
row	770	CTNNBL1
row	771	CTPS1
row	772	CTSA
row	773	CTSB
row	774	CTSC
row	775	CTSD
row	776	CTSF
row	777	CTSH
row	778	CTSS
row	779	CTSW
row	780	CTSZ
row	781	CTU1
row	782	CTU2
row	783	CUEDC2
row	784	CUL1
row	785	CUL2
row	786	CUL3
row	787	CUL4A
row	788	CUTA
row	789	CUX1
row	790	CWC15
row	791	CWC22
row	792	CWC25
row	793	CWC27
row	794	CWF19L2
row	795	CXCL10
row	796	CXCR3
row	797	CXCR4
row	798	CYB561D1
row	799	CYB561D2
row	800	CYB5A
row	801	CYB5B
row	802	CYB5R3
row	803	CYB5R4
row	804	CYBA
row	805	CYC1
row	806	CYCS
row	807	CYFIP2
row	808	CYLD
row	809	CYP20A1
row	810	CYSTM1
row	811	CYTH1
row	812	CYTH4
row	813	CYTIP
row	814	DACT1
row	815	DAD1
row	816	DALRD3
row	817	DAP
row	818	DAP3
row	819	DAPK3
row	820	DAXX
row	821	DAZAP1
row	822	DBF4
row	823	DBI
row	824	DBNL
row	825	DBP
row	826	DCAF11
row	827	DCAF12
row	828	DCAF13
row	829	DCAF7
row	830	DCP1A
row	831	DCPS
row	832	DCTD
row	833	DCTN5
row	834	DCTN6
row	835	DCTPP1
row	836	DCUN1D1
row	837	DCUN1D5
row	838	DCXR
row	839	DDA1
row	840	DDB1
row	841	DDHD1
row	842	DDIT4
row	843	DDT
row	844	DDX1
row	845	DDX10
row	846	DDX17
row	847	DDX18
row	848	DDX21
row	849	DDX23
row	850	DDX24
row	851	DDX27
row	852	DDX39A
row	853	DDX3X
row	854	DDX3Y
row	855	DDX41
row	856	DDX42
row	857	DDX46
row	858	DDX49
row	859	DDX5
row	860	DDX50
row	861	DDX54
row	862	DDX55
row	863	DDX56
row	864	DDX6
row	865	DEAF1
row	866	DEDD
row	867	DEF6
row	868	DEF8
row	869	DEK
row	870	DENND4A
row	871	DENR
row	872	DERL1
row	873	DERL2
row	874	DESI1
row	875	DESI2
row	876	DEXI
row	877	DGCR6L
row	878	DGKA
row	879	DGUOK
row	880	DHCR24
row	881	DHCR7
row	882	DHODH
row	883	DHPS
row	884	DHRS1
row	885	DHRS3
row	886	DHRS7
row	887	DHX15
row	888	DHX16
row	889	DHX29
row	890	DHX30
row	891	DHX33
row	892	DHX36
row	893	DHX37
row	894	DHX9
row	895	DIAPH1
row	896	DIMT1
row	897	DIS3
row	898	DKC1
row	899	DLAT
row	900	DLD
row	901	DLK2
row	902	DMAP1
row	903	DNAAF2
row	904	DNAJA1
row	905	DNAJA2
row	906	DNAJA3
row	907	DNAJB11
row	908	DNAJB12
row	909	DNAJB6
row	910	DNAJC10
row	911	DNAJC11
row	912	DNAJC15
row	913	DNAJC17
row	914	DNAJC19
row	915	DNAJC2
row	916	DNAJC21
row	917	DNAJC3
row	918	DNAJC4
row	919	DNAJC5
row	920	DNAJC7
row	921	DNAJC8
row	922	DNAJC9
row	923	DNM1L
row	924	DNM2
row	925	DNMT1
row	926	DNMT3A
row	927	DNPEP
row	928	DNPH1
row	929	DNTTIP1
row	930	DNTTIP2
row	931	DOCK10
row	932	DOCK11
row	933	DOCK8
row	934	DOHH
row	935	DOK2
row	936	DPEP2
row	937	DPH2
row	938	DPH3
row	939	DPH5
row	940	DPM1
row	941	DPM2
row	942	DPP3
row	943	DPP4
row	944	DPP7
row	945	DPP9
row	946	DPY30
row	947	DPYD
row	948	DR1
row	949	DRAM2
row	950	DRAP1
row	951	DRG1
row	952	DRG2
row	953	DSTN
row	954	DTD1
row	955	DTD2
row	956	DTNBP1
row	957	DTX3L
row	958	DTYMK
row	959	DUS1L
row	960	DUS3L
row	961	DUSP1
row	962	DUSP11
row	963	DUSP12
row	964	DUSP2
row	965	DUSP22
row	966	DUSP23
row	967	DUSP4
row	968	DUSP5
row	969	DYNC1H1
row	970	DYNC1I2
row	971	DYNC1LI1
row	972	DYNLL1
row	973	DYNLL2
row	974	DYNLRB1
row	975	DYNLT1
row	976	DYNLT3
row	977	DYRK2
row	978	E2F4
row	979	E2F6
row	980	EBNA1BP2
row	981	EBP
row	982	EBPL
row	983	ECE1
row	984	ECE2
row	985	ECH1
row	986	ECHDC1
row	987	ECHS1
row	988	ECI1
row	989	ECI2
row	990	ECSIT
row	991	EDEM1
row	992	EDF1
row	993	EED
row	994	EEF1B2
row	995	EEF1D
row	996	EEF1E1
row	997	EEF2
row	998	EEF2KMT
row	999	EFCAB14
row	1000	EFHD2
row	1001	EFTUD2
row	1002	EGLN1
row	1003	EGR1
row	1004	EGR2
row	1005	EGR3
row	1006	EGR4
row	1007	EHD1
row	1008	EHD4
row	1009	EHMT1
row	1010	EI24
row	1011	EID1
row	1012	EIF1
row	1013	EIF1AD
row	1014	EIF1AX
row	1015	EIF1AY
row	1016	EIF1B
row	1017	EIF2A
row	1018	EIF2AK1
row	1019	EIF2AK2
row	1020	EIF2B1
row	1021	EIF2B2
row	1022	EIF2B3
row	1023	EIF2B4
row	1024	EIF2B5
row	1025	EIF2S1
row	1026	EIF2S2
row	1027	EIF2S3
row	1028	EIF3A
row	1029	EIF3B
row	1030	EIF3D
row	1031	EIF3E
row	1032	EIF3F
row	1033	EIF3G
row	1034	EIF3H
row	1035	EIF3I
row	1036	EIF3J
row	1037	EIF3K
row	1038	EIF4A1
row	1039	EIF4A2
row	1040	EIF4A3
row	1041	EIF4B
row	1042	EIF4E
row	1043	EIF4E2
row	1044	EIF4EBP1
row	1045	EIF4G1
row	1046	EIF4G2
row	1047	EIF4G3
row	1048	EIF4H
row	1049	EIF5
row	1050	EIF5A
row	1051	EIF5A2
row	1052	EIF5AL1
row	1053	EIF5B
row	1054	EIF6
row	1055	ELAVL1
row	1056	ELF1
row	1057	ELF2
row	1058	ELF4
row	1059	ELK1
row	1060	ELK3
row	1061	ELK4
row	1062	ELL2
row	1063	ELMO1
row	1064	ELOF1
row	1065	ELOVL1
row	1066	ELP5
row	1067	ELP6
row	1068	EMB
row	1069	EMC10
row	1070	EMC4
row	1071	EMC6
row	1072	EMC7
row	1073	EMC8
row	1074	EMC9
row	1075	EMD
row	1076	EMG1
row	1077	EML2
row	1078	EML4
row	1079	EMP3
row	1080	ENO1
row	1081	ENO2
row	1082	ENOPH1
row	1083	ENOSF1
row	1084	ENSA
row	1085	ENTPD6
row	1086	ENY2
row	1087	EOMES
row	1088	EPB41
row	1089	EPC1
row	1090	EPHB6
row	1091	EPHX2
row	1092	EPM2AIP1
row	1093	EPN1
row	1094	EPS8L2
row	1095	EPSTI1
row	1096	ERAL1
row	1097	ERAP2
row	1098	ERCC1
row	1099	ERCC5
row	1100	ERF
row	1101	ERGIC2
row	1102	ERGIC3
row	1103	ERH
row	1104	ERI3
row	1105	ERICH1
row	1106	ERLEC1
row	1107	ERO1A
row	1108	ERO1B
row	1109	ERP29
row	1110	ESD
row	1111	ESF1
row	1112	ESR2
row	1113	ESRRA
row	1114	ESYT1
row	1115	ETF1
row	1116	ETFA
row	1117	ETHE1
row	1118	ETNK1
row	1119	ETS1
row	1120	ETS2
row	1121	ETV2
row	1122	ETV6
row	1123	ETV7
row	1124	EVI2A
row	1125	EVI2B
row	1126	EVL
row	1127	EWSR1
row	1128	EXOC2
row	1129	EXOC3
row	1130	EXOC5
row	1131	EXOSC1
row	1132	EXOSC2
row	1133	EXOSC3
row	1134	EXOSC4
row	1135	EXOSC5
row	1136	EXOSC6
row	1137	EXOSC7
row	1138	EXOSC8
row	1139	EYA3
row	1140	EZH1
row	1141	EZH2
row	1142	EZR
row	1143	F2R
row	1144	F5
row	1145	F8A1
row	1146	FAAP100
row	1147	FAAP20
row	1148	FABP5
row	1149	FADD
row	1150	FAH
row	1151	FAM107B
row	1152	FAM117A
row	1153	FAM118A
row	1154	FAM120A
row	1155	FAM120AOS
row	1156	FAM133B
row	1157	FAM136A
row	1158	FAM162A
row	1159	FAM168B
row	1160	FAM177A1
row	1161	FAM200B
row	1162	FAM204A
row	1163	FAM210A
row	1164	FAM216A
row	1165	FAM228B
row	1166	FAM32A
row	1167	FAM3C
row	1168	FAM50A
row	1169	FAM89A
row	1170	FAM91A1
row	1171	FAM98A
row	1172	FARSA
row	1173	FARSB
row	1174	FAS
row	1175	FASN
row	1176	FASTK
row	1177	FASTKD2
row	1178	FAU
row	1179	FBL
row	1180	FBLN5
row	1181	FBLN7
row	1182	FBRS
row	1183	FBRSL1
row	1184	FBXL15
row	1185	FBXL20
row	1186	FBXL6
row	1187	FBXO22
row	1188	FBXO6
row	1189	FBXO7
row	1190	FBXW11
row	1191	FBXW2
row	1192	FBXW5
row	1193	FCF1
row	1194	FCGRT
row	1195	FCMR
row	1196	FDFT1
row	1197	FDPS
row	1198	FDX1
row	1199	FEM1A
row	1200	FEN1
row	1201	FERMT3
row	1202	FGD3
row	1203	FGFR1OP2
row	1204	FH
row	1205	FHIT
row	1206	FIBP
row	1207	FIP1L1
row	1208	FIS1
row	1209	FKBP11
row	1210	FKBP1A
row	1211	FKBP1C
row	1212	FKBP2
row	1213	FKBP3
row	1214	FKBP4
row	1215	FLAD1
row	1216	FLI1
row	1217	FLII
row	1218	FLOT1
row	1219	FLYWCH2
row	1220	FMNL1
row	1221	FNBP1
row	1222	FNDC3A
row	1223	FNDC3B
row	1224	FOSL1
row	1225	FOSL2
row	1226	FOXB1
row	1227	FOXJ1
row	1228	FOXJ3
row	1229	FOXN2
row	1230	FOXN3
row	1231	FOXO1
row	1232	FOXO3
row	1233	FOXO4
row	1234	FOXP1
row	1235	FOXP3
row	1236	FPGS
row	1237	FRMD4B
row	1238	FTH1
row	1239	FTL
row	1240	FTSJ1
row	1241	FTSJ3
row	1242	FUBP1
row	1243	FUBP3
row	1244	FUNDC2
row	1245	FUOM
row	1246	FURIN
row	1247	FUS
row	1248	FXN
row	1249	FXR2
row	1250	FXYD5
row	1251	FXYD7
row	1252	FYN
row	1253	FYTTD1
row	1254	G3BP1
row	1255	G3BP2
row	1256	G6PD
row	1257	GABARAPL2
row	1258	GABPA
row	1259	GABPB1
row	1260	GADD45A
row	1261	GADD45B
row	1262	GADD45GIP1
row	1263	GALE
row	1264	GALM
row	1265	GALNT1
row	1266	GALR2
row	1267	GALT
row	1268	GAN
row	1269	GAPDH
row	1270	GAR1
row	1271	GART
row	1272	GATA1
row	1273	GATA2
row	1274	GATAD2A
row	1275	GATC
row	1276	GBE1
row	1277	GBP1
row	1278	GBP2
row	1279	GBP3
row	1280	GBP4
row	1281	GBP5
row	1282	GCA
row	1283	GCC2
row	1284	GCDH
row	1285	GCFC2
row	1286	GCH1
row	1287	GCLM
row	1288	GCN1
row	1289	GCNT4
row	1290	GCSH
row	1291	GDI1
row	1292	GEMIN6
row	1293	GEMIN7
row	1294	GFER
row	1295	GFI1
row	1296	GFM1
row	1297	GFPT1
row	1298	GGA1
row	1299	GGCT
row	1300	GGCX
row	1301	GGPS1
row	1302	GGT1
row	1303	GHITM
row	1304	GID8
row	1305	GIMAP1
row	1306	GIMAP2
row	1307	GIMAP4
row	1308	GIMAP5
row	1309	GIMAP6
row	1310	GIMAP7
row	1311	GINS2
row	1312	GIPC1
row	1313	GIT1
row	1314	GK
row	1315	GLA
row	1316	GLG1
row	1317	GLIPR1
row	1318	GLO1
row	1319	GLRX
row	1320	GLRX2
row	1321	GLRX3
row	1322	GLRX5
row	1323	GLS
row	1324	GLTP
row	1325	GLUD1
row	1326	GLUL
row	1327	GLYR1
row	1328	GMDS
row	1329	GMEB1
row	1330	GMFB
row	1331	GMFG
row	1332	GMNN
row	1333	GMPPB
row	1334	GMPR2
row	1335	GNA15
row	1336	GNAI3
row	1337	GNAS
row	1338	GNB1
row	1339	GNB1L
row	1340	GNB2
row	1341	GNB5
row	1342	GNG2
row	1343	GNG5
row	1344	GNG8
row	1345	GNL1
row	1346	GNL2
row	1347	GNL3
row	1348	GNL3L
row	1349	GNLY
row	1350	GNPAT
row	1351	GNPDA1
row	1352	GNPDA2
row	1353	GNPNAT1
row	1354	GOLGA3
row	1355	GOLGA4
row	1356	GOLPH3
row	1357	GOLT1B
row	1358	GOPC
row	1359	GORASP2
row	1360	GOSR1
row	1361	GOSR2
row	1362	GOT1
row	1363	GOT2
row	1364	GPAA1
row	1365	GPAT4
row	1366	GPATCH2L
row	1367	GPATCH4
row	1368	GPBP1
row	1369	GPBP1L1
row	1370	GPCPD1
row	1371	GPI
row	1372	GPN1
row	1373	GPN2
row	1374	GPN3
row	1375	GPR108
row	1376	GPR137
row	1377	GPR155
row	1378	GPR171
row	1379	GPR18
row	1380	GPR180
row	1381	GPR183
row	1382	GPR65
row	1383	GPS1
row	1384	GPT2
row	1385	GPX1
row	1386	GPX4
row	1387	GRAP
row	1388	GRAP2
row	1389	GRB2
row	1390	GRHPR
row	1391	GRINA
row	1392	GRIPAP1
row	1393	GRK6
row	1394	GRPEL1
row	1395	GRSF1
row	1396	GRWD1
row	1397	GSDMD
row	1398	GSK3A
row	1399	GSPT1
row	1400	GSTK1
row	1401	GSTM3
row	1402	GSTP1
row	1403	GTF2A2
row	1404	GTF2E2
row	1405	GTF2F2
row	1406	GTF2H1
row	1407	GTF2H2
row	1408	GTF2H3
row	1409	GTF2H5
row	1410	GTF3A
row	1411	GTF3C2
row	1412	GTF3C6
row	1413	GTPBP3
row	1414	GTPBP4
row	1415	GTPBP8
row	1416	GUCD1
row	1417	GUK1
row	1418	GYPC
row	1419	GZMB
row	1420	GZMH
row	1421	GZMK
row	1422	GZMM
row	1423	HADHA
row	1424	HAPLN3
row	1425	HAT1
row	1426	HAUS2
row	1427	HAX1
row	1428	HBP1
row	1429	HBS1L
row	1430	HCCS
row	1431	HCFC1
row	1432	HCFC1R1
row	1433	HCLS1
row	1434	HCST
row	1435	HDAC1
row	1436	HDAC2
row	1437	HDAC3
row	1438	HDAC7
row	1439	HDDC2
row	1440	HDDC3
row	1441	HDGF
row	1442	HDLBP
row	1443	HEATR1
row	1444	HEBP2
row	1445	HELLS
row	1446	HEMK1
row	1447	HERPUD1
row	1448	HES6
row	1449	HEXA
row	1450	HEXIM1
row	1451	HIBCH
row	1452	HIC1
row	1453	HIF1A
row	1454	HIGD1A
row	1455	HILPDA
row	1456	HINFP
row	1457	HINT2
row	1458	HIPK1
row	1459	HIVEP1
row	1460	HIVEP2
row	1461	HIVEP3
row	1462	HK1
row	1463	HK2
row	1464	HLA-A
row	1465	HLA-C
row	1466	HLA-E
row	1467	HLF
row	1468	HM13
row	1469	HMBS
row	1470	HMCES
row	1471	HMG20B
row	1472	HMGA1
row	1473	HMGB1
row	1474	HMGB2
row	1475	HMGB3
row	1476	HMGCR
row	1477	HMGCS1
row	1478	HMGN1
row	1479	HMGN2
row	1480	HMGN3
row	1481	HMGN4
row	1482	HMGXB3
row	1483	HMGXB4
row	1484	HNRNPA0
row	1485	HNRNPA1
row	1486	HNRNPA1L2
row	1487	HNRNPA2B1
row	1488	HNRNPA3
row	1489	HNRNPAB
row	1490	HNRNPC
row	1491	HNRNPD
row	1492	HNRNPDL
row	1493	HNRNPF
row	1494	HNRNPH1
row	1495	HNRNPH2
row	1496	HNRNPH3
row	1497	HNRNPK
row	1498	HNRNPL
row	1499	HNRNPLL
row	1500	HNRNPM
row	1501	HNRNPR
row	1502	HNRNPU
row	1503	HNRNPUL2
row	1504	HOMER1
row	1505	HOOK2
row	1506	HOOK3
row	1507	HOXB2
row	1508	HP1BP3
row	1509	HPCAL4
row	1510	HPRT1
row	1511	HPS1
row	1512	HRAS
row	1513	HRH2
row	1514	HSBP1
row	1515	HSD17B10
row	1516	HSD17B11
row	1517	HSD17B12
row	1518	HSF1
row	1519	HSP90AA1
row	1520	HSP90AB1
row	1521	HSP90B1
row	1522	HSPA13
row	1523	HSPA14
row	1524	HSPA4
row	1525	HSPA5
row	1526	HSPA8
row	1527	HSPA9
row	1528	HSPB1
row	1529	HSPBP1
row	1530	HSPD1
row	1531	HSPE1
row	1532	HSPH1
row	1533	HTATIP2
row	1534	HTATSF1
row	1535	HTRA2
row	1536	HUWE1
row	1537	HYAL2
row	1538	HYI
row	1539	HYOU1
row	1540	IAH1
row	1541	ICAM1
row	1542	ICAM2
row	1543	ICAM3
row	1544	ICE1
row	1545	ICMT
row	1546	ICOS
row	1547	ID2
row	1548	ID3
row	1549	IDH3A
row	1550	IDH3B
row	1551	IDH3G
row	1552	IDI1
row	1553	IDS
row	1554	IER2
row	1555	IER3
row	1556	IER3IP1
row	1557	IER5
row	1558	IFI27L2
row	1559	IFI35
row	1560	IFI44L
row	1561	IFI6
row	1562	IFIT1
row	1563	IFIT3
row	1564	IFIT5
row	1565	IFITM1
row	1566	IFITM3
row	1567	IFNAR1
row	1568	IFNAR2
row	1569	IFNG
row	1570	IFNGR2
row	1571	IFRD1
row	1572	IFRD2
row	1573	IFT57
row	1574	IGBP1
row	1575	IGFBP4
row	1576	IGSF8
row	1577	IK
row	1578	IKBIP
row	1579	IKBKG
row	1580	IKZF1
row	1581	IKZF4
row	1582	IL10
row	1583	IL10RA
row	1584	IL12RB2
row	1585	IL13
row	1586	IL15RA
row	1587	IL16
row	1588	IL17A
row	1589	IL17F
row	1590	IL18R1
row	1591	IL2
row	1592	IL21R
row	1593	IL22
row	1594	IL27RA
row	1595	IL2RA
row	1596	IL2RB
row	1597	IL2RG
row	1598	IL32
row	1599	IL4I1
row	1600	IL4R
row	1601	IL6ST
row	1602	IL7R
row	1603	ILF2
row	1604	ILF3
row	1605	ILK
row	1606	ILKAP
row	1607	IMMP2L
row	1608	IMMT
row	1609	IMP3
row	1610	IMP4
row	1611	IMPA1
row	1612	IMPDH1
row	1613	IMPDH2
row	1614	INAFM1
row	1615	ING4
row	1616	INIP
row	1617	INO80
row	1618	INO80C
row	1619	INPP4A
row	1620	INPP4B
row	1621	INPP5D
row	1622	INSIG1
row	1623	INSIG2
row	1624	INTS10
row	1625	INTS5
row	1626	INTS6
row	1627	IPO4
row	1628	IPO5
row	1629	IPO7
row	1630	IQGAP1
row	1631	IRAK1
row	1632	IRF1
row	1633	IRF2
row	1634	IRF2BP2
row	1635	IRF2BPL
row	1636	IRF3
row	1637	IRF4
row	1638	IRF5
row	1639	IRF7
row	1640	IRF8
row	1641	IRF9
row	1642	ISCA1
row	1643	ISCA2
row	1644	ISCU
row	1645	ISG15
row	1646	ISG20
row	1647	ISG20L2
row	1648	ISOC1
row	1649	ISOC2
row	1650	ISY1
row	1651	ITGA4
row	1652	ITGA5
row	1653	ITGA6
row	1654	ITGAE
row	1655	ITGAL
row	1656	ITGB1
row	1657	ITGB1BP1
row	1658	ITGB2
row	1659	ITGB7
row	1660	ITK
row	1661	ITM2A
row	1662	ITM2B
row	1663	ITPA
row	1664	ITPK1
row	1665	ITPR1
row	1666	ITSN2
row	1667	IWS1
row	1668	IZUMO4
row	1669	JAGN1
row	1670	JAK1
row	1671	JAK3
row	1672	JAKMIP1
row	1673	JARID2
row	1674	JMJD1C
row	1675	JMJD4
row	1676	JMJD6
row	1677	JMJD8
row	1678	JOSD2
row	1679	JTB
row	1680	JUN
row	1681	JUNB
row	1682	JUND
row	1683	KAT2A
row	1684	KATNBL1
row	1685	KBTBD3
row	1686	KCMF1
row	1687	KCNA3
row	1688	KCNAB2
row	1689	KCNK6
row	1690	KCNN4
row	1691	KCTD10
row	1692	KCTD17
row	1693	KCTD5
row	1694	KDELR2
row	1695	KDM2B
row	1696	KDM5B
row	1697	KDM6B
row	1698	KDM7A
row	1699	KDSR
row	1700	KEAP1
row	1701	KHDRBS1
row	1702	KHNYN
row	1703	KHSRP
row	1704	KIAA1143
row	1705	KIAA1191
row	1706	KIF1C
row	1707	KIF21A
row	1708	KIF2A
row	1709	KIF3B
row	1710	KIF5B
row	1711	KIN
row	1712	KIZ
row	1713	KLC2
row	1714	KLF10
row	1715	KLF12
row	1716	KLF13
row	1717	KLF2
row	1718	KLF3
row	1719	KLF4
row	1720	KLF5
row	1721	KLF6
row	1722	KLF9
row	1723	KLHDC2
row	1724	KLHDC4
row	1725	KLHDC7B
row	1726	KLHL12
row	1727	KLHL18
row	1728	KLHL24
row	1729	KLHL5
row	1730	KLHL6
row	1731	KLRB1
row	1732	KLRG1
row	1733	KMT2E
row	1734	KNOP1
row	1735	KNSTRN
row	1736	KPNA1
row	1737	KPNA2
row	1738	KPNA3
row	1739	KPNA4
row	1740	KPNA6
row	1741	KPNB1
row	1742	KRAS
row	1743	KRI1
row	1744	KRR1
row	1745	KRT10
row	1746	KTI12
row	1747	KTN1
row	1748	KXD1
row	1749	LACTB
row	1750	LAG3
row	1751	LAGE3
row	1752	LAIR1
row	1753	LAMP3
row	1754	LAMTOR1
row	1755	LAMTOR2
row	1756	LAMTOR3
row	1757	LAMTOR4
row	1758	LAMTOR5
row	1759	LAP3
row	1760	LAPTM4A
row	1761	LAPTM4B
row	1762	LAPTM5
row	1763	LARP1
row	1764	LARP1B
row	1765	LARP4
row	1766	LARP4B
row	1767	LAT
row	1768	LBH
row	1769	LCK
row	1770	LCP1
row	1771	LCP2
row	1772	LDHA
row	1773	LDHB
row	1774	LDLR
row	1775	LDLRAP1
row	1776	LEF1
row	1777	LENG8
row	1778	LEPROTL1
row	1779	LETM1
row	1780	LETMD1
row	1781	LGALS1
row	1782	LGALS14
row	1783	LGALS3
row	1784	LGALS3BP
row	1785	LGALS9
row	1786	LIF
row	1787	LIMA1
row	1788	LIMD2
row	1789	LIMS1
row	1790	LIN7C
row	1791	LITAF
row	1792	LLPH
row	1793	LMAN1
row	1794	LMAN2
row	1795	LMBRD1
row	1796	LMNA
row	1797	LMNB1
row	1798	LMNB2
row	1799	LMO4
row	1800	LMO7
row	1801	LONP1
row	1802	LONP2
row	1803	LONRF1
row	1804	LPAR6
row	1805	LPCAT3
row	1806	LPIN1
row	1807	LPIN2
row	1808	LPP
row	1809	LRIF1
row	1810	LRPAP1
row	1811	LRPPRC
row	1812	LRR1
row	1813	LRRC32
row	1814	LRRC41
row	1815	LRRC42
row	1816	LRRC59
row	1817	LRRC61
row	1818	LRRC75A
row	1819	LRRC8B
row	1820	LRRC8C
row	1821	LRRFIP1
row	1822	LRRFIP2
row	1823	LRRN3
row	1824	LRWD1
row	1825	LSM1
row	1826	LSM10
row	1827	LSM12
row	1828	LSM14A
row	1829	LSM3
row	1830	LSM4
row	1831	LSM5
row	1832	LSM6
row	1833	LSM7
row	1834	LSM8
row	1835	LSP1
row	1836	LTA4H
row	1837	LTBP3
row	1838	LTV1
row	1839	LUC7L
row	1840	LUC7L2
row	1841	LUC7L3
row	1842	LUZP1
row	1843	LY6E
row	1844	LY75
row	1845	LY9
row	1846	LY96
row	1847	LYAR
row	1848	LYPLA1
row	1849	LYPLA2
row	1850	LYRM1
row	1851	LYRM2
row	1852	LYRM4
row	1853	LYST
row	1854	LZIC
row	1855	M6PR
row	1856	MAD1L1
row	1857	MAD2L2
row	1858	MAF
row	1859	MAF1
row	1860	MAFF
row	1861	MAFG
row	1862	MAFK
row	1863	MAGED2
row	1864	MAGOH
row	1865	MAGOHB
row	1866	MAGT1
row	1867	MAK16
row	1868	MAL
row	1869	MALSU1
row	1870	MALT1
row	1871	MAN1A1
row	1872	MAN1B1
row	1873	MANBAL
row	1874	MANF
row	1875	MAP1LC3A
row	1876	MAP1LC3B
row	1877	MAP2K1
row	1878	MAP2K2
row	1879	MAP2K3
row	1880	MAP2K4
row	1881	MAP3K1
row	1882	MAP3K11
row	1883	MAP3K13
row	1884	MAP3K14
row	1885	MAP3K8
row	1886	MAP4
row	1887	MAP4K5
row	1888	MAP7D1
row	1889	MAP7D3
row	1890	MAPK1
row	1891	MAPK11
row	1892	MAPK13
row	1893	MAPK1IP1L
row	1894	MAPK6
row	1895	MAPK9
row	1896	MAPKAP1
row	1897	MAPKAPK2
row	1898	MAPKAPK3
row	1899	MAPKAPK5
row	1900	MAPRE1
row	1901	MARCKSL1
row	1902	MARK3
row	1903	MAT2A
row	1904	MAT2B
row	1905	MATK
row	1906	MAX
row	1907	MAZ
row	1908	MBD1
row	1909	MBD2
row	1910	MBD3
row	1911	MBD4
row	1912	MBIP
row	1913	MBOAT7
row	1914	MBP
row	1915	MCAT
row	1916	MCCC2
row	1917	MCFD2
row	1918	MCM6
row	1919	MCMBP
row	1920	MCRS1
row	1921	MCTS1
row	1922	MCUR1
row	1923	MDFIC
row	1924	MDH1
row	1925	MDH2
row	1926	MDK
row	1927	MDM2
row	1928	MDM4
row	1929	MDN1
row	1930	ME2
row	1931	MEA1
row	1932	MEAF6
row	1933	MECR
row	1934	MED1
row	1935	MED10
row	1936	MED19
row	1937	MED28
row	1938	MED30
row	1939	MED31
row	1940	MED4
row	1941	MED8
row	1942	MEF2A
row	1943	MEF2C
row	1944	MEF2D
row	1945	MEI1
row	1946	MEOX1
row	1947	METAP1
row	1948	METAP2
row	1949	METRN
row	1950	METTL1
row	1951	METTL21A
row	1952	METTL2A
row	1953	METTL2B
row	1954	METTL5
row	1955	METTL9
row	1956	MFAP1
row	1957	MFF
row	1958	MFGE8
row	1959	MFHAS1
row	1960	MFNG
row	1961	MFSD10
row	1962	MFSD12
row	1963	MFSD2A
row	1964	MFSD5
row	1965	MGAT1
row	1966	MGAT2
row	1967	MGAT4A
row	1968	MGRN1
row	1969	MGST3
row	1970	MIB2
row	1971	MICU2
row	1972	MID1IP1
row	1973	MIDN
row	1974	MIEF1
row	1975	MIEN1
row	1976	MIER1
row	1977	MIF
row	1978	MIF4GD
row	1979	MIIP
row	1980	MIOS
row	1981	MIS12
row	1982	MITD1
row	1983	MKKS
row	1984	MKNK2
row	1985	MKRN1
row	1986	MLEC
row	1987	MLF2
row	1988	MLLT3
row	1989	MLLT6
row	1990	MLST8
row	1991	MLX
row	1992	MMAB
row	1993	MMADHC
row	1994	MMD
row	1995	MNAT1
row	1996	MOB1A
row	1997	MOB3A
row	1998	MOB4
row	1999	MOGS
row	2000	MORF4L1
row	2001	MORF4L2
row	2002	MORN3
row	2003	MOSPD1
row	2004	MPDU1
row	2005	MPG
row	2006	MPHOSPH10
row	2007	MPHOSPH6
row	2008	MPHOSPH8
row	2009	MPLKIP
row	2010	MPRIP
row	2011	MPV17
row	2012	MPV17L2
row	2013	MPZL1
row	2014	MRFAP1
row	2015	MRGBP
row	2016	MRPL1
row	2017	MRPL11
row	2018	MRPL12
row	2019	MRPL13
row	2020	MRPL14
row	2021	MRPL15
row	2022	MRPL16
row	2023	MRPL17
row	2024	MRPL18
row	2025	MRPL19
row	2026	MRPL2
row	2027	MRPL20
row	2028	MRPL21
row	2029	MRPL22
row	2030	MRPL23
row	2031	MRPL24
row	2032	MRPL27
row	2033	MRPL28
row	2034	MRPL3
row	2035	MRPL32
row	2036	MRPL33
row	2037	MRPL34
row	2038	MRPL35
row	2039	MRPL36
row	2040	MRPL37
row	2041	MRPL39
row	2042	MRPL4
row	2043	MRPL40
row	2044	MRPL41
row	2045	MRPL42
row	2046	MRPL43
row	2047	MRPL44
row	2048	MRPL46
row	2049	MRPL47
row	2050	MRPL48
row	2051	MRPL49
row	2052	MRPL50
row	2053	MRPL51
row	2054	MRPL52
row	2055	MRPL54
row	2056	MRPL55
row	2057	MRPL57
row	2058	MRPL9
row	2059	MRPS10
row	2060	MRPS11
row	2061	MRPS12
row	2062	MRPS14
row	2063	MRPS15
row	2064	MRPS16
row	2065	MRPS17
row	2066	MRPS18A
row	2067	MRPS18C
row	2068	MRPS2
row	2069	MRPS22
row	2070	MRPS23
row	2071	MRPS25
row	2072	MRPS26
row	2073	MRPS28
row	2074	MRPS30
row	2075	MRPS31
row	2076	MRPS33
row	2077	MRPS34
row	2078	MRPS35
row	2079	MRPS5
row	2080	MRPS6
row	2081	MRPS7
row	2082	MRPS9
row	2083	MRRF
row	2084	MRS2
row	2085	MRTO4
row	2086	MSI2
row	2087	MSL3
row	2088	MSMO1
row	2089	MSN
row	2090	MSRB1
row	2091	MT-ATP6
row	2092	MT-CO1
row	2093	MT-CO2
row	2094	MT-CO3
row	2095	MT-CYB
row	2096	MT-ND1
row	2097	MT-ND2
row	2098	MT-ND3
row	2099	MT-ND4L
row	2100	MT-ND5
row	2101	MT-ND6
row	2102	MT1E
row	2103	MT1H
row	2104	MT1X
row	2105	MT2A
row	2106	MTA1
row	2107	MTA2
row	2108	MTAP
row	2109	MTCH1
row	2110	MTCH2
row	2111	MTDH
row	2112	MTERF3
row	2113	MTERF4
row	2114	MTF1
row	2115	MTFMT
row	2116	MTFP1
row	2117	MTG2
row	2118	MTHFD1L
row	2119	MTHFD2
row	2120	MTHFD2L
row	2121	MTHFS
row	2122	MTIF3
row	2123	MTMR14
row	2124	MTMR2
row	2125	MTMR4
row	2126	MTMR6
row	2127	MTPAP
row	2128	MTPN
row	2129	MTRF1L
row	2130	MTX1
row	2131	MTX2
row	2132	MUS81
row	2133	MVD
row	2134	MVK
row	2135	MX1
row	2136	MX2
row	2137	MXD3
row	2138	MXI1
row	2139	MYB
row	2140	MYBBP1A
row	2141	MYBL1
row	2142	MYC
row	2143	MYCBP
row	2144	MYCBP2
row	2145	MYD88
row	2146	MYDGF
row	2147	MYL12A
row	2148	MYL6
row	2149	MYL6B
row	2150	MYO1F
row	2151	MYO1G
row	2152	MYO9B
row	2153	MZT1
row	2154	MZT2B
row	2155	N4BP2L2
row	2156	NAA10
row	2157	NAA15
row	2158	NAA20
row	2159	NAA25
row	2160	NAA30
row	2161	NAA50
row	2162	NAAA
row	2163	NAB1
row	2164	NAB2
row	2165	NABP1
row	2166	NABP2
row	2167	NACA
row	2168	NACA2
row	2169	NACC1
row	2170	NADK
row	2171	NAE1
row	2172	NAF1
row	2173	NAMPT
row	2174	NANS
row	2175	NAP1L1
row	2176	NAPG
row	2177	NARF
row	2178	NASP
row	2179	NAT10
row	2180	NAT9
row	2181	NBL1
row	2182	NBN
row	2183	NBR1
row	2184	NCAPH2
row	2185	NCBP2
row	2186	NCBP3
row	2187	NCK2
row	2188	NCL
row	2189	NCLN
row	2190	NCOA3
row	2191	NCOA7
row	2192	NDC1
row	2193	NDFIP1
row	2194	NDFIP2
row	2195	NDUFA1
row	2196	NDUFA11
row	2197	NDUFA13
row	2198	NDUFA2
row	2199	NDUFA3
row	2200	NDUFA4
row	2201	NDUFA5
row	2202	NDUFA6
row	2203	NDUFA7
row	2204	NDUFA8
row	2205	NDUFA9
row	2206	NDUFAB1
row	2207	NDUFAF2
row	2208	NDUFAF3
row	2209	NDUFAF4
row	2210	NDUFAF6
row	2211	NDUFB1
row	2212	NDUFB2
row	2213	NDUFB3
row	2214	NDUFB4
row	2215	NDUFB6
row	2216	NDUFB7
row	2217	NDUFB8
row	2218	NDUFB9
row	2219	NDUFC1
row	2220	NDUFC2
row	2221	NDUFS3
row	2222	NDUFS4
row	2223	NDUFS5
row	2224	NDUFS6
row	2225	NDUFS7
row	2226	NDUFS8
row	2227	NDUFV1
row	2228	NDUFV2
row	2229	NDUFV3
row	2230	NEDD8
row	2231	NEDD9
row	2232	NEIL2
row	2233	NELFB
row	2234	NELFCD
row	2235	NELFE
row	2236	NELL2
row	2237	NENF
row	2238	NETO2
row	2239	NF2
row	2240	NFAT5
row	2241	NFATC1
row	2242	NFATC2
row	2243	NFE2L1
row	2244	NFE2L2
row	2245	NFE2L3
row	2246	NFIB
row	2247	NFIC
row	2248	NFIL3
row	2249	NFKB1
row	2250	NFKB2
row	2251	NFKBIA
row	2252	NFKBIB
row	2253	NFKBID
row	2254	NFKBIE
row	2255	NFKBIZ
row	2256	NFYA
row	2257	NFYB
row	2258	NFYC
row	2259	NGDN
row	2260	NGLY1
row	2261	NHLRC3
row	2262	NHP2
row	2263	NIFK
row	2264	NINJ1
row	2265	NIP7
row	2266	NIPA1
row	2267	NIPA2
row	2268	NIPAL3
row	2269	NIT2
row	2270	NKAP
row	2271	NKG7
row	2272	NKTR
row	2273	NLE1
row	2274	NLN
row	2275	NLRC3
row	2276	NLRP1
row	2277	NMB
row	2278	NMD3
row	2279	NME1
row	2280	NME2
row	2281	NME4
row	2282	NME6
row	2283	NMI
row	2284	NMRK1
row	2285	NMT1
row	2286	NMT2
row	2287	NOA1
row	2288	NOB1
row	2289	NOC2L
row	2290	NOC3L
row	2291	NOC4L
row	2292	NOG
row	2293	NOL10
row	2294	NOL11
row	2295	NOL6
row	2296	NOL7
row	2297	NOL8
row	2298	NOL9
row	2299	NOLC1
row	2300	NOM1
row	2301	NONO
row	2302	NOP10
row	2303	NOP14
row	2304	NOP16
row	2305	NOP2
row	2306	NOP56
row	2307	NOP58
row	2308	NOSIP
row	2309	NOTCH1
row	2310	NPC2
row	2311	NPHP3
row	2312	NPLOC4
row	2313	NPM1
row	2314	NPM3
row	2315	NR1D2
row	2316	NR1H2
row	2317	NR1H3
row	2318	NR2C2
row	2319	NR2C2AP
row	2320	NR2F6
row	2321	NR3C1
row	2322	NR4A1
row	2323	NRAS
row	2324	NRBF2
row	2325	NRBP1
row	2326	NRF1
row	2327	NSA2
row	2328	NSFL1C
row	2329	NSG1
row	2330	NSL1
row	2331	NSMAF
row	2332	NSMCE1
row	2333	NSMCE2
row	2334	NSMCE4A
row	2335	NSMF
row	2336	NSRP1
row	2337	NSUN2
row	2338	NT5C
row	2339	NT5C3A
row	2340	NT5C3B
row	2341	NTAN1
row	2342	NTMT1
row	2343	NTPCR
row	2344	NUAK2
row	2345	NUBP1
row	2346	NUBP2
row	2347	NUCB1
row	2348	NUCB2
row	2349	NUDC
row	2350	NUDCD1
row	2351	NUDCD2
row	2352	NUDCD3
row	2353	NUDT1
row	2354	NUDT15
row	2355	NUDT19
row	2356	NUDT21
row	2357	NUDT22
row	2358	NUDT3
row	2359	NUDT4
row	2360	NUDT5
row	2361	NUDT8
row	2362	NUP153
row	2363	NUP155
row	2364	NUP188
row	2365	NUP35
row	2366	NUP50
row	2367	NUP54
row	2368	NUP58
row	2369	NUP62
row	2370	NUP88
row	2371	NUP93
row	2372	NUP98
row	2373	NUS1
row	2374	NUTF2
row	2375	NXT1
row	2376	OARD1
row	2377	OAT
row	2378	OAZ1
row	2379	OAZ2
row	2380	OCIAD2
row	2381	ODC1
row	2382	ODF2
row	2383	ODF2L
row	2384	OFD1
row	2385	OGFOD1
row	2386	OGFOD3
row	2387	OGFR
row	2388	OLA1
row	2389	OPA1
row	2390	OPA3
row	2391	OPTN
row	2392	ORAI1
row	2393	ORMDL1
row	2394	ORMDL2
row	2395	ORMDL3
row	2396	OSBPL9
row	2397	OSGEP
row	2398	OSM
row	2399	OST4
row	2400	OSTC
row	2401	OSTF1
row	2402	OTUB1
row	2403	OTUD4
row	2404	OTUD5
row	2405	OTUD6B
row	2406	OTULIN
row	2407	OXA1L
row	2408	OXCT1
row	2409	OXNAD1
row	2410	OXSR1
row	2411	P2RX4
row	2412	P2RX5
row	2413	P2RY10
row	2414	P4HA1
row	2415	P4HB
row	2416	PA2G4
row	2417	PABPC1
row	2418	PABPC3
row	2419	PABPC4
row	2420	PABPN1
row	2421	PACS1
row	2422	PAF1
row	2423	PAFAH1B1
row	2424	PAFAH1B2
row	2425	PAFAH1B3
row	2426	PAG1
row	2427	PAICS
row	2428	PAIP1
row	2429	PAIP2
row	2430	PAK1IP1
row	2431	PAK2
row	2432	PANK3
row	2433	PAPOLA
row	2434	PAQR8
row	2435	PARD6A
row	2436	PARK7
row	2437	PARL
row	2438	PARP1
row	2439	PARP14
row	2440	PARP8
row	2441	PARP9
row	2442	PARVB
row	2443	PASK
row	2444	PATL1
row	2445	PAXBP1
row	2446	PBDC1
row	2447	PBRM1
row	2448	PBX2
row	2449	PBXIP1
row	2450	PCBD1
row	2451	PCBP1
row	2452	PCED1B
row	2453	PCGF5
row	2454	PCK2
row	2455	PCMT1
row	2456	PCMTD1
row	2457	PCMTD2
row	2458	PCNA
row	2459	PCNP
row	2460	PCSK7
row	2461	PCYOX1
row	2462	PCYT1A
row	2463	PCYT2
row	2464	PDAP1
row	2465	PDCD1
row	2466	PDCD10
row	2467	PDCD11
row	2468	PDCD2
row	2469	PDCD2L
row	2470	PDCD4
row	2471	PDCD5
row	2472	PDCD6
row	2473	PDCL3
row	2474	PDE12
row	2475	PDE3B
row	2476	PDE4B
row	2477	PDE7A
row	2478	PDHA1
row	2479	PDIA3
row	2480	PDIA4
row	2481	PDIA6
row	2482	PDK1
row	2483	PDK3
row	2484	PDLIM5
row	2485	PDRG1
row	2486	PDS5A
row	2487	PDSS1
row	2488	PDXK
row	2489	PDZD8
row	2490	PEA15
row	2491	PEBP1
row	2492	PEF1
row	2493	PELI1
row	2494	PELO
row	2495	PELP1
row	2496	PEMT
row	2497	PEPD
row	2498	PER2
row	2499	PES1
row	2500	PET117
row	2501	PEX10
row	2502	PEX2
row	2503	PEX26
row	2504	PFAS
row	2505	PFDN1
row	2506	PFDN2
row	2507	PFDN4
row	2508	PFDN5
row	2509	PFDN6
row	2510	PFKFB3
row	2511	PFKP
row	2512	PFN1
row	2513	PGAM1
row	2514	PGAM5
row	2515	PGAP1
row	2516	PGD
row	2517	PGK1
row	2518	PGLS
row	2519	PGM1
row	2520	PGM2
row	2521	PGP
row	2522	PGPEP1
row	2523	PGRMC1
row	2524	PGS1
row	2525	PHACTR4
row	2526	PHAX
row	2527	PHB2
row	2528	PHF11
row	2529	PHF14
row	2530	PHF20L1
row	2531	PHF23
row	2532	PHF3
row	2533	PHF5A
row	2534	PHF6
row	2535	PHGDH
row	2536	PHIP
row	2537	PHLDA1
row	2538	PHLDA2
row	2539	PHPT1
row	2540	PI4K2B
row	2541	PI4KB
row	2542	PIAS1
row	2543	PICALM
row	2544	PIGC
row	2545	PIGH
row	2546	PIGT
row	2547	PIGX
row	2548	PIH1D1
row	2549	PIK3IP1
row	2550	PIK3R1
row	2551	PIM1
row	2552	PIM2
row	2553	PIM3
row	2554	PIN1
row	2555	PINK1
row	2556	PINX1
row	2557	PIP5K1A
row	2558	PISD
row	2559	PITHD1
row	2560	PITPNA
row	2561	PITPNB
row	2562	PITPNC1
row	2563	PITPNM1
row	2564	PITRM1
row	2565	PITX1
row	2566	PKM
row	2567	PKNOX1
row	2568	PLA2G12A
row	2569	PLAC8
row	2570	PLAGL2
row	2571	PLAT
row	2572	PLCD1
row	2573	PLCE1
row	2574	PLD3
row	2575	PLD6
row	2576	PLEC
row	2577	PLEKHA1
row	2578	PLEKHA3
row	2579	PLEKHB1
row	2580	PLEKHB2
row	2581	PLEKHF1
row	2582	PLEKHJ1
row	2583	PLGRKT
row	2584	PLIN3
row	2585	PLK3
row	2586	PLP2
row	2587	PLPP1
row	2588	PLPP5
row	2589	PLRG1
row	2590	PLSCR1
row	2591	PMAIP1
row	2592	PMF1
row	2593	PML
row	2594	PMM2
row	2595	PMPCA
row	2596	PMVK
row	2597	PNISR
row	2598	PNKD
row	2599	PNKP
row	2600	PNO1
row	2601	PNP
row	2602	PNPO
row	2603	PNPT1
row	2604	PNRC1
row	2605	PNRC2
row	2606	POC1B
row	2607	POGK
row	2608	POLB
row	2609	POLD2
row	2610	POLDIP2
row	2611	POLDIP3
row	2612	POLE3
row	2613	POLE4
row	2614	POLG
row	2615	POLR1A
row	2616	POLR1B
row	2617	POLR1C
row	2618	POLR2A
row	2619	POLR2C
row	2620	POLR2D
row	2621	POLR2E
row	2622	POLR2G
row	2623	POLR2H
row	2624	POLR2I
row	2625	POLR2J
row	2626	POLR2J3
row	2627	POLR2K
row	2628	POLR2L
row	2629	POLR3D
row	2630	POLR3E
row	2631	POLR3GL
row	2632	POLR3H
row	2633	POLR3K
row	2634	POLRMT
row	2635	POM121
row	2636	POMGNT1
row	2637	POMP
row	2638	POP1
row	2639	POP4
row	2640	POP5
row	2641	POP7
row	2642	POU2F1
row	2643	POU5F1B
row	2644	PPA1
row	2645	PPA2
row	2646	PPAN
row	2647	PPARA
row	2648	PPARG
row	2649	PPAT
row	2650	PPFIA1
row	2651	PPHLN1
row	2652	PPIA
row	2653	PPIAL4G
row	2654	PPIB
row	2655	PPID
row	2656	PPIE
row	2657	PPIF
row	2658	PPIH
row	2659	PPIL1
row	2660	PPM1A
row	2661	PPM1G
row	2662	PPM1M
row	2663	PPME1
row	2664	PPP1CA
row	2665	PPP1CB
row	2666	PPP1CC
row	2667	PPP1R11
row	2668	PPP1R14B
row	2669	PPP1R15A
row	2670	PPP1R15B
row	2671	PPP1R16B
row	2672	PPP1R18
row	2673	PPP1R2
row	2674	PPP1R3E
row	2675	PPP1R8
row	2676	PPP2CA
row	2677	PPP2CB
row	2678	PPP2R1A
row	2679	PPP2R2A
row	2680	PPP2R2D
row	2681	PPP2R3C
row	2682	PPP2R5A
row	2683	PPP2R5C
row	2684	PPP2R5E
row	2685	PPP3CA
row	2686	PPP3CB
row	2687	PPP3R1
row	2688	PPP4C
row	2689	PPP4R2
row	2690	PPP4R3A
row	2691	PPP4R3B
row	2692	PPP5C
row	2693	PPP6C
row	2694	PPRC1
row	2695	PPT1
row	2696	PPTC7
row	2697	PPWD1
row	2698	PQBP1
row	2699	PRADC1
row	2700	PRCC
row	2701	PRDM1
row	2702	PRDM4
row	2703	PRDX1
row	2704	PRDX2
row	2705	PRDX3
row	2706	PRDX4
row	2707	PRDX5
row	2708	PREB
row	2709	PRELID1
row	2710	PRELID3B
row	2711	PRKACB
row	2712	PRKAG1
row	2713	PRKAR1B
row	2714	PRKCA
row	2715	PRKCD
row	2716	PRKCQ
row	2717	PRKCSH
row	2718	PRKDC
row	2719	PRKRA
row	2720	PRKRIP1
row	2721	PRMT1
row	2722	PRMT2
row	2723	PRMT3
row	2724	PRMT5
row	2725	PRNP
row	2726	PRPF18
row	2727	PRPF19
row	2728	PRPF3
row	2729	PRPF31
row	2730	PRPF38A
row	2731	PRPF38B
row	2732	PRPF4
row	2733	PRPF40A
row	2734	PRPF6
row	2735	PRPF8
row	2736	PRPS1
row	2737	PRPS2
row	2738	PRR13
row	2739	PRR14
row	2740	PRR3
row	2741	PRR5
row	2742	PRR7
row	2743	PRRC2A
row	2744	PRRC2C
row	2745	PSAP
row	2746	PSAT1
row	2747	PSD4
row	2748	PSENEN
row	2749	PSIP1
row	2750	PSMA1
row	2751	PSMA2
row	2752	PSMA3
row	2753	PSMA4
row	2754	PSMA5
row	2755	PSMA7
row	2756	PSMB1
row	2757	PSMB2
row	2758	PSMB4
row	2759	PSMB5
row	2760	PSMB6
row	2761	PSMB7
row	2762	PSMB8
row	2763	PSMC1
row	2764	PSMC2
row	2765	PSMC3
row	2766	PSMC4
row	2767	PSMC5
row	2768	PSMC6
row	2769	PSMD1
row	2770	PSMD10
row	2771	PSMD11
row	2772	PSMD12
row	2773	PSMD13
row	2774	PSMD14
row	2775	PSMD2
row	2776	PSMD3
row	2777	PSMD4
row	2778	PSMD6
row	2779	PSMD7
row	2780	PSMD8
row	2781	PSME1
row	2782	PSME2
row	2783	PSME3
row	2784	PSMF1
row	2785	PSMG1
row	2786	PSMG2
row	2787	PSMG3
row	2788	PSMG4
row	2789	PTBP1
row	2790	PTGER4
row	2791	PTGES2
row	2792	PTGES3
row	2793	PTGIR
row	2794	PTMA
row	2795	PTMS
row	2796	PTP4A1
row	2797	PTP4A2
row	2798	PTP4A3
row	2799	PTPMT1
row	2800	PTPN1
row	2801	PTPN11
row	2802	PTPN2
row	2803	PTPN4
row	2804	PTPN6
row	2805	PTPN7
row	2806	PTPRC
row	2807	PTPRE
row	2808	PTRH1
row	2809	PTRH2
row	2810	PTS
row	2811	PTTG1
row	2812	PTTG1IP
row	2813	PUF60
row	2814	PUM3
row	2815	PUS1
row	2816	PUS3
row	2817	PUS7
row	2818	PUSL1
row	2819	PWP1
row	2820	PWP2
row	2821	PYCARD
row	2822	PYCR1
row	2823	PYCR2
row	2824	PYHIN1
row	2825	PYROXD1
row	2826	PYURF
row	2827	QDPR
row	2828	QKI
row	2829	QTRT1
row	2830	R3HCC1
row	2831	RAB10
row	2832	RAB11A
row	2833	RAB11FIP1
row	2834	RAB14
row	2835	RAB18
row	2836	RAB1A
row	2837	RAB1B
row	2838	RAB21
row	2839	RAB22A
row	2840	RAB27A
row	2841	RAB28
row	2842	RAB2A
row	2843	RAB30
row	2844	RAB35
row	2845	RAB37
row	2846	RAB4A
row	2847	RAB5A
row	2848	RAB5C
row	2849	RAB6A
row	2850	RAB7A
row	2851	RAB8A
row	2852	RAB8B
row	2853	RABAC1
row	2854	RABEP1
row	2855	RABEPK
row	2856	RABGAP1L
row	2857	RABGGTA
row	2858	RABGGTB
row	2859	RABIF
row	2860	RABL6
row	2861	RAC1
row	2862	RAC2
row	2863	RAD1
row	2864	RAD21
row	2865	RAD23A
row	2866	RAD23B
row	2867	RAD50
row	2868	RAD51C
row	2869	RAF1
row	2870	RALA
row	2871	RALB
row	2872	RALBP1
row	2873	RALY
row	2874	RAN
row	2875	RANBP1
row	2876	RANBP2
row	2877	RANGAP1
row	2878	RANGRF
row	2879	RAP1A
row	2880	RAP1GDS1
row	2881	RAP2B
row	2882	RAP2C
row	2883	RAPGEF1
row	2884	RARA
row	2885	RASA2
row	2886	RASA3
row	2887	RASAL3
row	2888	RASGRP1
row	2889	RASGRP2
row	2890	RASSF2
row	2891	RASSF3
row	2892	RASSF5
row	2893	RBBP4
row	2894	RBBP6
row	2895	RBBP7
row	2896	RBBP8
row	2897	RBCK1
row	2898	RBFA
row	2899	RBKS
row	2900	RBL2
row	2901	RBM10
row	2902	RBM12
row	2903	RBM14
row	2904	RBM15B
row	2905	RBM17
row	2906	RBM18
row	2907	RBM19
row	2908	RBM23
row	2909	RBM25
row	2910	RBM26
row	2911	RBM28
row	2912	RBM3
row	2913	RBM38
row	2914	RBM39
row	2915	RBM4
row	2916	RBM42
row	2917	RBM7
row	2918	RBM8A
row	2919	RBMX
row	2920	RBMXL1
row	2921	RBPJ
row	2922	RBX1
row	2923	RC3H1
row	2924	RCAN3
row	2925	RCBTB2
row	2926	RCC1
row	2927	RCC2
row	2928	RCE1
row	2929	RCHY1
row	2930	RCL1
row	2931	RCN1
row	2932	RCN2
row	2933	RCSD1
row	2934	RDH11
row	2935	RDH14
row	2936	RDH5
row	2937	RDX
row	2938	RECQL
row	2939	REEP3
row	2940	REEP5
row	2941	REL
row	2942	RELA
row	2943	RELB
row	2944	RELL2
row	2945	RER1
row	2946	REST
row	2947	REXO1
row	2948	REXO4
row	2949	RFC1
row	2950	RFC2
row	2951	RFC4
row	2952	RFK
row	2953	RFT1
row	2954	RFTN1
row	2955	RFX5
row	2956	RFXANK
row	2957	RGCC
row	2958	RGS1
row	2959	RGS14
row	2960	RGS16
row	2961	RGS19
row	2962	RHBDD3
row	2963	RHEB
row	2964	RHOA
row	2965	RHOF
row	2966	RHOG
row	2967	RHOT2
row	2968	RIC8A
row	2969	RICTOR
row	2970	RIF1
row	2971	RILPL2
row	2972	RIN3
row	2973	RING1
row	2974	RIOK1
row	2975	RIOK2
row	2976	RIPK2
row	2977	RITA1
row	2978	RMDN3
row	2979	RMND5A
row	2980	RMND5B
row	2981	RNASEH1
row	2982	RNASEH2C
row	2983	RNASET2
row	2984	RNF10
row	2985	RNF11
row	2986	RNF114
row	2987	RNF115
row	2988	RNF126
row	2989	RNF138
row	2990	RNF139
row	2991	RNF145
row	2992	RNF149
row	2993	RNF166
row	2994	RNF181
row	2995	RNF187
row	2996	RNF19A
row	2997	RNF2
row	2998	RNF207
row	2999	RNF213
row	3000	RNF220
row	3001	RNF34
row	3002	RNF4
row	3003	RNF6
row	3004	RNF7
row	3005	RNF8
row	3006	RNFT1
row	3007	RNH1
row	3008	RNMT
row	3009	RNPEPL1
row	3010	RNPS1
row	3011	ROCK1
row	3012	ROMO1
row	3013	RORA
row	3014	RP9
row	3015	RPA2
row	3016	RPA3
row	3017	RPAIN
row	3018	RPAP3
row	3019	RPE
row	3020	RPF1
row	3021	RPF2
row	3022	RPIA
row	3023	RPL10
row	3024	RPL10A
row	3025	RPL11
row	3026	RPL12
row	3027	RPL13
row	3028	RPL13A
row	3029	RPL14
row	3030	RPL15
row	3031	RPL18
row	3032	RPL18A
row	3033	RPL19
row	3034	RPL21
row	3035	RPL22
row	3036	RPL22L1
row	3037	RPL23
row	3038	RPL23A
row	3039	RPL24
row	3040	RPL26
row	3041	RPL26L1
row	3042	RPL27
row	3043	RPL27A
row	3044	RPL28
row	3045	RPL29
row	3046	RPL3
row	3047	RPL30
row	3048	RPL31
row	3049	RPL32
row	3050	RPL34
row	3051	RPL35
row	3052	RPL35A
row	3053	RPL36
row	3054	RPL36A
row	3055	RPL37
row	3056	RPL37A
row	3057	RPL38
row	3058	RPL39
row	3059	RPL41
row	3060	RPL6
row	3061	RPL7
row	3062	RPL7A
row	3063	RPL7L1
row	3064	RPL8
row	3065	RPL9
row	3066	RPLP0
row	3067	RPLP1
row	3068	RPLP2
row	3069	RPN1
row	3070	RPP25
row	3071	RPP25L
row	3072	RPP30
row	3073	RPP38
row	3074	RPP40
row	3075	RPRD2
row	3076	RPS10
row	3077	RPS11
row	3078	RPS12
row	3079	RPS13
row	3080	RPS14
row	3081	RPS15
row	3082	RPS15A
row	3083	RPS16
row	3084	RPS17
row	3085	RPS19
row	3086	RPS19BP1
row	3087	RPS2
row	3088	RPS20
row	3089	RPS21
row	3090	RPS23
row	3091	RPS24
row	3092	RPS25
row	3093	RPS26
row	3094	RPS27
row	3095	RPS27A
row	3096	RPS27L
row	3097	RPS28
row	3098	RPS29
row	3099	RPS3
row	3100	RPS3A
row	3101	RPS4X
row	3102	RPS4Y1
row	3103	RPS5
row	3104	RPS6
row	3105	RPS6KA1
row	3106	RPS6KA4
row	3107	RPS6KA5
row	3108	RPS6KB1
row	3109	RPS6KB2
row	3110	RPS7
row	3111	RPS8
row	3112	RPS9
row	3113	RPSA
row	3114	RPUSD1
row	3115	RPUSD3
row	3116	RRAS2
row	3117	RRBP1
row	3118	RREB1
row	3119	RRP1
row	3120	RRP12
row	3121	RRP15
row	3122	RRP1B
row	3123	RRP36
row	3124	RRP7A
row	3125	RRP8
row	3126	RRP9
row	3127	RRS1
row	3128	RSBN1L
row	3129	RSL1D1
row	3130	RSL24D1
row	3131	RSPRY1
row	3132	RSRC1
row	3133	RSRC2
row	3134	RSRP1
row	3135	RSU1
row	3136	RTCA
row	3137	RTCB
row	3138	RTF1
row	3139	RTN3
row	3140	RUNX1
row	3141	RUNX3
row	3142	RUSC1
row	3143	RUVBL1
row	3144	RUVBL2
row	3145	RWDD1
row	3146	RWDD4
row	3147	RYBP
row	3148	S100A10
row	3149	S100A11
row	3150	S100A4
row	3151	S100A6
row	3152	S1PR1
row	3153	S1PR2
row	3154	S1PR4
row	3155	SACS
row	3156	SAE1
row	3157	SAMD1
row	3158	SAMD9
row	3159	SAMD9L
row	3160	SAMHD1
row	3161	SAMM50
row	3162	SAMSN1
row	3163	SAP18
row	3164	SAP30
row	3165	SAR1A
row	3166	SAR1B
row	3167	SARAF
row	3168	SART1
row	3169	SAT1
row	3170	SAT2
row	3171	SATB1
row	3172	SAYSD1
row	3173	SBDS
row	3174	SBNO1
row	3175	SBNO2
row	3176	SCAF11
row	3177	SCAF4
row	3178	SCAMP3
row	3179	SCAMP4
row	3180	SCAND1
row	3181	SCAP
row	3182	SCCPDH
row	3183	SCD
row	3184	SCGB3A1
row	3185	SCML4
row	3186	SCNM1
row	3187	SCO1
row	3188	SCO2
row	3189	SCOC
row	3190	SCRN2
row	3191	SCYL1
row	3192	SDAD1
row	3193	SDC4
row	3194	SDCBP
row	3195	SDE2
row	3196	SDF2
row	3197	SDF2L1
row	3198	SDF4
row	3199	SDHAF2
row	3200	SDHAF3
row	3201	SDHB
row	3202	SDHC
row	3203	SDHD
row	3204	SEC11C
row	3205	SEC13
row	3206	SEC14L1
row	3207	SEC16A
row	3208	SEC22B
row	3209	SEC23B
row	3210	SEC24A
row	3211	SEC24C
row	3212	SEC61A1
row	3213	SEC61B
row	3214	SEC61G
row	3215	SEC62
row	3216	SEC63
row	3217	SECISBP2
row	3218	SECTM1
row	3219	SEH1L
row	3220	SEL1L
row	3221	SELL
row	3222	SELPLG
row	3223	SENP5
row	3224	SENP6
row	3225	SENP7
row	3226	SEPHS1
row	3227	SERBP1
row	3228	SERF2
row	3229	SERINC1
row	3230	SERINC3
row	3231	SERINC5
row	3232	SERP1
row	3233	SERPINB1
row	3234	SERPINB6
row	3235	SERPINB9
row	3236	SERPINE2
row	3237	SERTAD1
row	3238	SESN1
row	3239	SESN2
row	3240	SET
row	3241	SETBP1
row	3242	SETD3
row	3243	SETD5
row	3244	SF1
row	3245	SF3A1
row	3246	SF3A3
row	3247	SF3B2
row	3248	SF3B3
row	3249	SF3B4
row	3250	SF3B5
row	3251	SF3B6
row	3252	SFMBT2
row	3253	SFPQ
row	3254	SFT2D1
row	3255	SFT2D2
row	3256	SFXN1
row	3257	SFXN3
row	3258	SFXN4
row	3259	SGF29
row	3260	SGK1
row	3261	SGPL1
row	3262	SGPP2
row	3263	SGTA
row	3264	SH2B3
row	3265	SH2D1A
row	3266	SH2D2A
row	3267	SH2D3A
row	3268	SH3BGRL
row	3269	SH3BGRL3
row	3270	SH3BP2
row	3271	SH3GL1
row	3272	SH3GLB1
row	3273	SH3YL1
row	3274	SHARPIN
row	3275	SHISA5
row	3276	SHKBP1
row	3277	SHMT2
row	3278	SHOC2
row	3279	SIAH2
row	3280	SIGIRR
row	3281	SIGMAR1
row	3282	SIKE1
row	3283	SIN3A
row	3284	SIPA1L1
row	3285	SIRT6
row	3286	SIVA1
row	3287	SKIL
row	3288	SKP1
row	3289	SLA
row	3290	SLAIN2
row	3291	SLAMF1
row	3292	SLBP
row	3293	SLC11A2
row	3294	SLC16A1
row	3295	SLC16A3
row	3296	SLC19A1
row	3297	SLC1A5
row	3298	SLC20A2
row	3299	SLC25A1
row	3300	SLC25A11
row	3301	SLC25A17
row	3302	SLC25A19
row	3303	SLC25A22
row	3304	SLC25A26
row	3305	SLC25A3
row	3306	SLC25A32
row	3307	SLC25A33
row	3308	SLC25A37
row	3309	SLC25A39
row	3310	SLC25A4
row	3311	SLC25A44
row	3312	SLC25A45
row	3313	SLC25A46
row	3314	SLC25A5
row	3315	SLC25A51
row	3316	SLC27A4
row	3317	SLC27A5
row	3318	SLC29A1
row	3319	SLC2A1
row	3320	SLC2A3
row	3321	SLC2A4RG
row	3322	SLC30A5
row	3323	SLC30A7
row	3324	SLC35A4
row	3325	SLC35B1
row	3326	SLC35B2
row	3327	SLC35E1
row	3328	SLC35E2B
row	3329	SLC35E3
row	3330	SLC35F2
row	3331	SLC36A4
row	3332	SLC37A1
row	3333	SLC37A3
row	3334	SLC38A2
row	3335	SLC38A5
row	3336	SLC39A1
row	3337	SLC39A14
row	3338	SLC39A3
row	3339	SLC39A4
row	3340	SLC39A6
row	3341	SLC39A8
row	3342	SLC3A2
row	3343	SLC41A1
row	3344	SLC43A3
row	3345	SLC46A3
row	3346	SLC4A1AP
row	3347	SLC4A2
row	3348	SLC50A1
row	3349	SLC52A2
row	3350	SLC5A3
row	3351	SLC5A6
row	3352	SLC6A9
row	3353	SLC7A1
row	3354	SLC7A5
row	3355	SLC8B1
row	3356	SLC9B2
row	3357	SLFN5
row	3358	SLIRP
row	3359	SLTM
row	3360	SMAD2
row	3361	SMAD3
row	3362	SMAGP
row	3363	SMAP2
row	3364	SMARCA2
row	3365	SMARCA4
row	3366	SMARCA5
row	3367	SMARCB1
row	3368	SMARCC1
row	3369	SMARCD1
row	3370	SMARCE1
row	3371	SMC1A
row	3372	SMC3
row	3373	SMC5
row	3374	SMCHD1
row	3375	SMCO4
row	3376	SMDT1
row	3377	SMG1
row	3378	SMG5
row	3379	SMIM10L1
row	3380	SMIM12
row	3381	SMIM13
row	3382	SMIM14
row	3383	SMIM15
row	3384	SMIM19
row	3385	SMIM20
row	3386	SMKR1
row	3387	SMNDC1
row	3388	SMPD2
row	3389	SMS
row	3390	SMU1
row	3391	SMYD5
row	3392	SNAI3
row	3393	SNAP29
row	3394	SNAP47
row	3395	SNAPC1
row	3396	SNAPC2
row	3397	SNAPC4
row	3398	SNAPC5
row	3399	SNAPIN
row	3400	SND1
row	3401	SNF8
row	3402	SNRK
row	3403	SNRNP25
row	3404	SNRNP27
row	3405	SNRNP35
row	3406	SNRNP40
row	3407	SNRNP70
row	3408	SNRPA
row	3409	SNRPA1
row	3410	SNRPB
row	3411	SNRPB2
row	3412	SNRPC
row	3413	SNRPD1
row	3414	SNRPD2
row	3415	SNRPD3
row	3416	SNRPE
row	3417	SNRPF
row	3418	SNRPG
row	3419	SNRPN
row	3420	SNU13
row	3421	SNUPN
row	3422	SNW1
row	3423	SNX1
row	3424	SNX10
row	3425	SNX11
row	3426	SNX12
row	3427	SNX17
row	3428	SNX3
row	3429	SNX4
row	3430	SNX5
row	3431	SNX6
row	3432	SNX9
row	3433	SOAT1
row	3434	SOCS1
row	3435	SOCS2
row	3436	SOCS3
row	3437	SOCS4
row	3438	SOD1
row	3439	SOD2
row	3440	SON
row	3441	SORL1
row	3442	SOX4
row	3443	SOX8
row	3444	SP2
row	3445	SP3
row	3446	SP4
row	3447	SPAG1
row	3448	SPAG7
row	3449	SPATS2L
row	3450	SPCS1
row	3451	SPCS3
row	3452	SPEN
row	3453	SPG21
row	3454	SPHK1
row	3455	SPHK2
row	3456	SPI1
row	3457	SPINT2
row	3458	SPOCK2
row	3459	SPON1
row	3460	SPPL2A
row	3461	SPRY1
row	3462	SPRYD3
row	3463	SPSB1
row	3464	SPSB3
row	3465	SPTBN1
row	3466	SPTSSA
row	3467	SPTY2D1
row	3468	SQLE
row	3469	SQSTM1
row	3470	SRA1
row	3471	SREBF1
row	3472	SREBF2
row	3473	SREK1
row	3474	SREK1IP1
row	3475	SRF
row	3476	SRFBP1
row	3477	SRGN
row	3478	SRI
row	3479	SRM
row	3480	SRP14
row	3481	SRP19
row	3482	SRP54
row	3483	SRP68
row	3484	SRP72
row	3485	SRP9
row	3486	SRPK1
row	3487	SRPRB
row	3488	SRRD
row	3489	SRRM1
row	3490	SRRM2
row	3491	SRRT
row	3492	SRSF1
row	3493	SRSF10
row	3494	SRSF11
row	3495	SRSF2
row	3496	SRSF3
row	3497	SRSF4
row	3498	SRSF5
row	3499	SRSF6
row	3500	SRSF7
row	3501	SRSF8
row	3502	SRSF9
row	3503	SS18
row	3504	SS18L2
row	3505	SSB
row	3506	SSBP1
row	3507	SSBP2
row	3508	SSBP4
row	3509	SSH2
row	3510	SSNA1
row	3511	SSR1
row	3512	SSR2
row	3513	SSR3
row	3514	SSR4
row	3515	SSRP1
row	3516	SSU72
row	3517	ST13
row	3518	ST3GAL1
row	3519	ST6GAL1
row	3520	ST8SIA4
row	3521	STAG1
row	3522	STAG2
row	3523	STARD10
row	3524	STARD3NL
row	3525	STARD4
row	3526	STARD7
row	3527	STAT1
row	3528	STAT2
row	3529	STAT3
row	3530	STAT4
row	3531	STAT5A
row	3532	STAT5B
row	3533	STAT6
row	3534	STAU1
row	3535	STIP1
row	3536	STK10
row	3537	STK17A
row	3538	STK17B
row	3539	STK24
row	3540	STK25
row	3541	STK26
row	3542	STK38
row	3543	STK4
row	3544	STK40
row	3545	STMN1
row	3546	STMN3
row	3547	STOML2
row	3548	STRAP
row	3549	STRBP
row	3550	STT3A
row	3551	STT3B
row	3552	STUB1
row	3553	STX11
row	3554	STX12
row	3555	STX4
row	3556	STX6
row	3557	STXBP2
row	3558	SUB1
row	3559	SUCLG1
row	3560	SUDS3
row	3561	SUGT1
row	3562	SULF2
row	3563	SUMO1
row	3564	SUMO2
row	3565	SUMO3
row	3566	SUN1
row	3567	SUN2
row	3568	SUPT16H
row	3569	SUPT3H
row	3570	SUPT4H1
row	3571	SUPT5H
row	3572	SUPT6H
row	3573	SURF2
row	3574	SURF4
row	3575	SURF6
row	3576	SUSD3
row	3577	SUSD6
row	3578	SUV39H2
row	3579	SUZ12
row	3580	SVIP
row	3581	SYAP1
row	3582	SYF2
row	3583	SYMPK
row	3584	SYNCRIP
row	3585	SYNE1
row	3586	SYNE2
row	3587	SYNGR2
row	3588	SYNJ2BP
row	3589	SYPL1
row	3590	SYTL1
row	3591	SYTL3
row	3592	SZRD1
row	3593	TAB2
row	3594	TACC1
row	3595	TACC3
row	3596	TACO1
row	3597	TADA3
row	3598	TAF10
row	3599	TAF11
row	3600	TAF12
row	3601	TAF13
row	3602	TAF3
row	3603	TAF4B
row	3604	TAF7
row	3605	TAF9
row	3606	TALDO1
row	3607	TANK
row	3608	TAP1
row	3609	TAP2
row	3610	TAPBPL
row	3611	TARBP2
row	3612	TARDBP
row	3613	TATDN1
row	3614	TBC1D10A
row	3615	TBC1D10C
row	3616	TBC1D15
row	3617	TBC1D20
row	3618	TBC1D9B
row	3619	TBCA
row	3620	TBCB
row	3621	TBCC
row	3622	TBKBP1
row	3623	TBL1XR1
row	3624	TBL3
row	3625	TBP
row	3626	TBPL1
row	3627	TBRG1
row	3628	TBRG4
row	3629	TBX21
row	3630	TC2N
row	3631	TCAF1
row	3632	TCAF2
row	3633	TCEA1
row	3634	TCEA3
row	3635	TCEAL8
row	3636	TCERG1
row	3637	TCF12
row	3638	TCF3
row	3639	TCF4
row	3640	TCF7
row	3641	TCOF1
row	3642	TCP1
row	3643	TDG
row	3644	TECPR1
row	3645	TECR
row	3646	TESC
row	3647	TESPA1
row	3648	TEX261
row	3649	TEX30
row	3650	TFAM
row	3651	TFAP4
row	3652	TFB2M
row	3653	TFCP2
row	3654	TFDP1
row	3655	TFG
row	3656	TFRC
row	3657	TGDS
row	3658	TGFB1
row	3659	TGFBR2
row	3660	TGIF2
row	3661	TGS1
row	3662	THAP1
row	3663	THAP11
row	3664	THAP4
row	3665	THAP7
row	3666	THEM4
row	3667	THEMIS
row	3668	THEMIS2
row	3669	THOC1
row	3670	THOC2
row	3671	THOC6
row	3672	THOC7
row	3673	THOP1
row	3674	THRAP3
row	3675	THUMPD3
row	3676	TIA1
row	3677	TIAL1
row	3678	TIAM1
row	3679	TICAM1
row	3680	TIFA
row	3681	TIGAR
row	3682	TIGIT
row	3683	TIMM10
row	3684	TIMM10B
row	3685	TIMM13
row	3686	TIMM17A
row	3687	TIMM17B
row	3688	TIMM21
row	3689	TIMM22
row	3690	TIMM23
row	3691	TIMM23B
row	3692	TIMM44
row	3693	TIMM50
row	3694	TIMM8A
row	3695	TIMM8B
row	3696	TIMM9
row	3697	TIMP1
row	3698	TINF2
row	3699	TIPIN
row	3700	TIPRL
row	3701	TKT
row	3702	TLCD1
row	3703	TLE4
row	3704	TLN1
row	3705	TM2D1
row	3706	TM2D3
row	3707	TM9SF2
row	3708	TM9SF3
row	3709	TMA16
row	3710	TMA7
row	3711	TMBIM4
row	3712	TMBIM6
row	3713	TMC6
row	3714	TMC8
row	3715	TMCO1
row	3716	TMED1
row	3717	TMED10
row	3718	TMED2
row	3719	TMED3
row	3720	TMED4
row	3721	TMED5
row	3722	TMED7
row	3723	TMED9
row	3724	TMEM106C
row	3725	TMEM107
row	3726	TMEM109
row	3727	TMEM11
row	3728	TMEM116
row	3729	TMEM120B
row	3730	TMEM121
row	3731	TMEM123
row	3732	TMEM126A
row	3733	TMEM126B
row	3734	TMEM127
row	3735	TMEM138
row	3736	TMEM140
row	3737	TMEM141
row	3738	TMEM147
row	3739	TMEM14B
row	3740	TMEM14C
row	3741	TMEM150A
row	3742	TMEM154
row	3743	TMEM160
row	3744	TMEM165
row	3745	TMEM167A
row	3746	TMEM170A
row	3747	TMEM179B
row	3748	TMEM18
row	3749	TMEM183A
row	3750	TMEM185B
row	3751	TMEM199
row	3752	TMEM204
row	3753	TMEM205
row	3754	TMEM208
row	3755	TMEM214
row	3756	TMEM216
row	3757	TMEM219
row	3758	TMEM222
row	3759	TMEM230
row	3760	TMEM242
row	3761	TMEM245
row	3762	TMEM248
row	3763	TMEM256
row	3764	TMEM258
row	3765	TMEM259
row	3766	TMEM263
row	3767	TMEM30A
row	3768	TMEM33
row	3769	TMEM38B
row	3770	TMEM45B
row	3771	TMEM50A
row	3772	TMEM50B
row	3773	TMEM59
row	3774	TMEM63A
row	3775	TMEM64
row	3776	TMEM65
row	3777	TMEM70
row	3778	TMEM71
row	3779	TMEM80
row	3780	TMEM97
row	3781	TMEM9B
row	3782	TMIGD2
row	3783	TMOD3
row	3784	TMPO
row	3785	TMSB10
row	3786	TMSB4X
row	3787	TMUB1
row	3788	TMX1
row	3789	TMX2
row	3790	TNFAIP3
row	3791	TNFAIP8
row	3792	TNFAIP8L2
row	3793	TNFRSF14
row	3794	TNFRSF18
row	3795	TNFRSF1B
row	3796	TNFRSF25
row	3797	TNFRSF4
row	3798	TNFRSF9
row	3799	TNFSF14
row	3800	TNFSF8
row	3801	TNIP1
row	3802	TNIP2
row	3803	TNIP3
row	3804	TNPO1
row	3805	TNPO2
row	3806	TNPO3
row	3807	TNRC6B
row	3808	TOB1
row	3809	TOB2
row	3810	TOE1
row	3811	TOLLIP
row	3812	TOM1L2
row	3813	TOMM22
row	3814	TOMM34
row	3815	TOMM40
row	3816	TOMM5
row	3817	TOMM7
row	3818	TOP1
row	3819	TOP1MT
row	3820	TOPBP1
row	3821	TOR1A
row	3822	TOR1AIP1
row	3823	TOR1AIP2
row	3824	TOR2A
row	3825	TP53
row	3826	TP53BP2
row	3827	TP53I13
row	3828	TPD52
row	3829	TPD52L2
row	3830	TPGS2
row	3831	TPI1
row	3832	TPM3
row	3833	TPM4
row	3834	TPP1
row	3835	TPR
row	3836	TPRA1
row	3837	TPRKB
row	3838	TPST2
row	3839	TPT1
row	3840	TRA2A
row	3841	TRA2B
row	3842	TRAF2
row	3843	TRAF3
row	3844	TRAF3IP3
row	3845	TRAF4
row	3846	TRAF7
row	3847	TRAFD1
row	3848	TRAM1
row	3849	TRANK1
row	3850	TRAP1
row	3851	TRAPPC1
row	3852	TRAPPC2L
row	3853	TRAPPC3
row	3854	TRAPPC4
row	3855	TRAPPC6A
row	3856	TRAT1
row	3857	TRIAP1
row	3858	TRIB2
row	3859	TRIB3
row	3860	TRIM21
row	3861	TRIM25
row	3862	TRIM27
row	3863	TRIM28
row	3864	TRIM4
row	3865	TRIM44
row	3866	TRIM52
row	3867	TRIM56
row	3868	TRIM69
row	3869	TRIP10
row	3870	TRMT1
row	3871	TRMT10C
row	3872	TRMT112
row	3873	TRMT2A
row	3874	TRMT6
row	3875	TRMT61A
row	3876	TRNAU1AP
row	3877	TRNT1
row	3878	TRPC4AP
row	3879	TRPM7
row	3880	TRPT1
row	3881	TRUB2
row	3882	TSC22D3
row	3883	TSC22D4
row	3884	TSEN15
row	3885	TSFM
row	3886	TSG101
row	3887	TSHZ2
row	3888	TSN
row	3889	TSPAN14
row	3890	TSPAN17
row	3891	TSPAN3
row	3892	TSPAN31
row	3893	TSPAN5
row	3894	TSPYL1
row	3895	TSPYL2
row	3896	TSR1
row	3897	TSR2
row	3898	TSR3
row	3899	TSSC4
row	3900	TTC1
row	3901	TTC14
row	3902	TTC27
row	3903	TTC3
row	3904	TTC39C
row	3905	TTF2
row	3906	TTLL12
row	3907	TUBA1A
row	3908	TUBA1B
row	3909	TUBA1C
row	3910	TUBA4A
row	3911	TUBB4B
row	3912	TUBE1
row	3913	TUBG1
row	3914	TUFM
row	3915	TUSC2
row	3916	TVP23B
row	3917	TWF1
row	3918	TWF2
row	3919	TWSG1
row	3920	TXK
row	3921	TXLNA
row	3922	TXLNG
row	3923	TXN
row	3924	TXN2
row	3925	TXNDC11
row	3926	TXNDC15
row	3927	TXNDC17
row	3928	TXNDC9
row	3929	TXNIP
row	3930	TXNL1
row	3931	TXNL4A
row	3932	TXNL4B
row	3933	TXNRD1
row	3934	TYMP
row	3935	TYW3
row	3936	U2AF2
row	3937	U2SURP
row	3938	UAP1
row	3939	UBA1
row	3940	UBA2
row	3941	UBA5
row	3942	UBA52
row	3943	UBAC1
row	3944	UBAC2
row	3945	UBALD2
row	3946	UBAP2
row	3947	UBAP2L
row	3948	UBASH3A
row	3949	UBB
row	3950	UBC
row	3951	UBE2A
row	3952	UBE2B
row	3953	UBE2D1
row	3954	UBE2D2
row	3955	UBE2D3
row	3956	UBE2D4
row	3957	UBE2E1
row	3958	UBE2E3
row	3959	UBE2F
row	3960	UBE2G1
row	3961	UBE2G2
row	3962	UBE2I
row	3963	UBE2J1
row	3964	UBE2J2
row	3965	UBE2K
row	3966	UBE2L3
row	3967	UBE2L6
row	3968	UBE2M
row	3969	UBE2N
row	3970	UBE2Q1
row	3971	UBE2Q2
row	3972	UBE2R2
row	3973	UBE2S
row	3974	UBE2T
row	3975	UBE2V2
row	3976	UBE2W
row	3977	UBE2Z
row	3978	UBE3A
row	3979	UBE3C
row	3980	UBFD1
row	3981	UBL4A
row	3982	UBL5
row	3983	UBP1
row	3984	UBQLN1
row	3985	UBQLN4
row	3986	UBXN1
row	3987	UBXN11
row	3988	UBXN4
row	3989	UBXN6
row	3990	UCHL3
row	3991	UCHL5
row	3992	UCK2
row	3993	UCKL1
row	3994	UCP2
row	3995	UFL1
row	3996	UFM1
row	3997	UHMK1
row	3998	UIMC1
row	3999	ULK3
row	4000	UMPS
row	4001	UNC119
row	4002	UNC50
row	4003	UPF2
row	4004	UQCC2
row	4005	UQCC3
row	4006	UQCR10
row	4007	UQCR11
row	4008	UQCRB
row	4009	UQCRC1
row	4010	UQCRC2
row	4011	UQCRFS1
row	4012	UQCRH
row	4013	UQCRHL
row	4014	UQCRQ
row	4015	URB2
row	4016	URI1
row	4017	URM1
row	4018	UROS
row	4019	USB1
row	4020	USE1
row	4021	USF2
row	4022	USP1
row	4023	USP10
row	4024	USP12
row	4025	USP14
row	4026	USP15
row	4027	USP16
row	4028	USP3
row	4029	USP36
row	4030	USP39
row	4031	USP48
row	4032	USP7
row	4033	UTP14A
row	4034	UTP15
row	4035	UTP18
row	4036	UTP20
row	4037	UTP23
row	4038	UTP6
row	4039	UTRN
row	4040	UXS1
row	4041	UXT
row	4042	VAMP2
row	4043	VAMP8
row	4044	VAPA
row	4045	VASP
row	4046	VAV1
row	4047	VBP1
row	4048	VCP
row	4049	VDAC1
row	4050	VDAC2
row	4051	VDAC3
row	4052	VDR
row	4053	VIM
row	4054	VKORC1
row	4055	VKORC1L1
row	4056	VMA21
row	4057	VMP1
row	4058	VNN2
row	4059	VPS25
row	4060	VPS29
row	4061	VPS36
row	4062	VPS37A
row	4063	VPS4A
row	4064	VPS72
row	4065	VRK2
row	4066	VSIG1
row	4067	VTA1
row	4068	VTI1A
row	4069	VTI1B
row	4070	WAC
row	4071	WAPL
row	4072	WASF2
row	4073	WBP11
row	4074	WBP4
row	4075	WDFY1
row	4076	WDR1
row	4077	WDR12
row	4078	WDR18
row	4079	WDR3
row	4080	WDR36
row	4081	WDR37
row	4082	WDR4
row	4083	WDR43
row	4084	WDR45B
row	4085	WDR5
row	4086	WDR54
row	4087	WDR55
row	4088	WDR74
row	4089	WDR75
row	4090	WDR77
row	4091	WDR83
row	4092	WDR83OS
row	4093	WDR89
row	4094	WHAMM
row	4095	WIPF1
row	4096	WIPI2
row	4097	WRAP73
row	4098	WRNIP1
row	4099	WSB1
row	4100	WSB2
row	4101	WTAP
row	4102	XAF1
row	4103	XBP1
row	4104	XPC
row	4105	XPNPEP1
row	4106	XPO1
row	4107	XPO5
row	4108	XPO6
row	4109	XPOT
row	4110	XRCC5
row	4111	XRCC6
row	4112	XRN1
row	4113	XRN2
row	4114	YAF2
row	4115	YARS2
row	4116	YBX1
row	4117	YBX3
row	4118	YDJC
row	4119	YIF1A
row	4120	YIF1B
row	4121	YIPF2
row	4122	YIPF6
row	4123	YKT6
row	4124	YME1L1
row	4125	YPEL2
row	4126	YPEL3
row	4127	YPEL5
row	4128	YRDC
row	4129	YTHDC1
row	4130	YTHDF1
row	4131	YTHDF2
row	4132	YWHAB
row	4133	YWHAE
row	4134	YWHAG
row	4135	YWHAH
row	4136	YWHAQ
row	4137	YWHAZ
row	4138	YY1
row	4139	ZBED2
row	4140	ZBP1
row	4141	ZBTB14
row	4142	ZBTB17
row	4143	ZBTB18
row	4144	ZBTB20
row	4145	ZBTB25
row	4146	ZBTB32
row	4147	ZBTB39
row	4148	ZBTB5
row	4149	ZBTB7B
row	4150	ZBTB8OS
row	4151	ZC3H11A
row	4152	ZC3H12A
row	4153	ZC3H12D
row	4154	ZC3H13
row	4155	ZC3H15
row	4156	ZC3H18
row	4157	ZC3H4
row	4158	ZC3H6
row	4159	ZC3H7A
row	4160	ZC3H8
row	4161	ZC3HAV1
row	4162	ZCCHC10
row	4163	ZCCHC17
row	4164	ZCCHC9
row	4165	ZCRB1
row	4166	ZDHHC12
row	4167	ZDHHC16
row	4168	ZDHHC18
row	4169	ZDHHC2
row	4170	ZDHHC3
row	4171	ZDHHC6
row	4172	ZEB1
row	4173	ZFAND5
row	4174	ZFP14
row	4175	ZFP36
row	4176	ZFP36L2
row	4177	ZFP82
row	4178	ZFP91
row	4179	ZFR
row	4180	ZFY
row	4181	ZHX1
row	4182	ZMAT2
row	4183	ZMIZ2
row	4184	ZMPSTE24
row	4185	ZMYND19
row	4186	ZNF101
row	4187	ZNF106
row	4188	ZNF121
row	4189	ZNF140
row	4190	ZNF143
row	4191	ZNF146
row	4192	ZNF195
row	4193	ZNF22
row	4194	ZNF224
row	4195	ZNF226
row	4196	ZNF236
row	4197	ZNF24
row	4198	ZNF263
row	4199	ZNF267
row	4200	ZNF274
row	4201	ZNF276
row	4202	ZNF277
row	4203	ZNF326
row	4204	ZNF330
row	4205	ZNF33B
row	4206	ZNF354C
row	4207	ZNF37A
row	4208	ZNF384
row	4209	ZNF397
row	4210	ZNF429
row	4211	ZNF430
row	4212	ZNF44
row	4213	ZNF440
row	4214	ZNF444
row	4215	ZNF48
row	4216	ZNF501
row	4217	ZNF511
row	4218	ZNF524
row	4219	ZNF544
row	4220	ZNF562
row	4221	ZNF563
row	4222	ZNF576
row	4223	ZNF580
row	4224	ZNF593
row	4225	ZNF598
row	4226	ZNF609
row	4227	ZNF638
row	4228	ZNF639
row	4229	ZNF644
row	4230	ZNF652
row	4231	ZNF655
row	4232	ZNF672
row	4233	ZNF706
row	4234	ZNF764
row	4235	ZNF766
row	4236	ZNF770
row	4237	ZNF780A
row	4238	ZNF782
row	4239	ZNF83
row	4240	ZNF84
row	4241	ZNF879
row	4242	ZNF91
row	4243	ZNFX1
row	4244	ZNHIT2
row	4245	ZNHIT6
row	4246	ZNRF1
row	4247	ZPR1
row	4248	ZRANB2
row	4249	ZSCAN18
col	0	ARID3A
col	1	ATF3
col	2	BACH2
col	3	BCL11A
col	4	BHLHE40
col	5	CEBPA
col	6	CSRNP1
col	7	DEAF1
col	8	DNTTIP1
col	9	DRAP1
col	10	EGR1
col	11	EGR4
col	12	ELF1
col	13	ELF4
col	14	ESR2
col	15	FOSL1
col	16	FOXB1
col	17	GABPA
col	18	GATA1
col	19	GATA2
col	20	GPBP1
col	21	GPBP1L1
col	22	HES6
col	23	HINFP
col	24	HIVEP1
col	25	HIVEP2
col	26	HIVEP3
col	27	HLF
col	28	IKZF4
col	29	IRF1
col	30	IRF4
col	31	IRF5
col	32	IRF8
col	33	KLF2
col	34	KLF4
col	35	KLF9
col	36	MAFF
col	37	MAZ
col	38	MBD2
col	39	MBD4
col	40	MEF2C
col	41	MTF1
col	42	MYB
col	43	MYC
col	44	NFE2L3
col	45	NFIB
col	46	NFIL3
col	47	NFYA
col	48	NFYC
col	49	NR1H3
col	50	NR2C2
col	51	NR2F6
col	52	NR3C1
col	53	PITX1
col	54	PLSCR1
col	55	POU5F1B
col	56	PPARG
col	57	PREB
col	58	PRMT3
col	59	RUNX1
col	60	SCML4
col	61	SETBP1
col	62	SNAI3
col	63	SOX4
col	64	SOX8
col	65	SPI1
col	66	SREBF1
col	67	STAT5A
col	68	TCF4
col	69	TFAP4
col	70	TFCP2
col	71	THAP1
col	72	THAP7
col	73	XBP1
col	74	YBX1
col	75	ZBED2
col	76	ZBTB32
col	77	ZBTB39
col	78	ZBTB7B
col	79	ZFP82
col	80	ZNF121
col	81	ZNF236
col	82	ZNF24
col	83	ZNF277
col	84	ZNF326
col	85	ZNF354C
col	86	ZNF397
col	87	ZNF429
col	88	ZNF440
col	89	ZNF48
col	90	ZNF609
col	91	ZNF652
col	92	ZNF780A
col	93	ZNF782
col	94	ZNF84
col	95	ZNF879
