source,target,predicted_log2FC,predicted_direction,abs_predicted_log2FC,method,state,embedding_mode,k,metric
AKAP8,BAIAP2L1,0.5381653871039407,up,0.5381653871039407,kNN_predicted_perturb_net,CD4_rest,pca_perturbseq_file,10,cosine
AKAP8,LSR,0.5126349443466943,up,0.5126349443466943,kNN_predicted_perturb_net,CD4_rest,pca_perturbseq_file,10,cosine
AKAP8,SPINT2,0.5012577353790499,up,0.5012577353790499,kNN_predicted_perturb_net,CD4_rest,pca_perturbseq_file,10,cosine
ARID5B,FAM20C,0.5518426369596322,up,0.5518426369596322,kNN_predicted_perturb_net,CD4_rest,pca_perturbseq_file,10,cosine
ARID5B,FCGBP,0.5121994056779476,up,0.5121994056779476,kNN_predicted_perturb_net,CD4_rest,pca_perturbseq_file,10,cosine
ARID5B,L1CAM,0.5020842380478581,up,0.5020842380478581,kNN_predicted_perturb_net,CD4_rest,pca_perturbseq_file,10,cosine
ARID5B,SLC35G2,0.533903156813799,up,0.533903156813799,kNN_predicted_perturb_net,CD4_rest,pca_perturbseq_file,10,cosine
ARID5B,SYP,0.5150351960455234,up,0.5150351960455234,kNN_predicted_perturb_net,CD4_rest,pca_perturbseq_file,10,cosine
ARID5B,ZNF844,0.5788833410026887,up,0.5788833410026887,kNN_predicted_perturb_net,CD4_rest,pca_perturbseq_file,10,cosine
ARID5B,ZSCAN18,0.6266110381322267,up,0.6266110381322267,kNN_predicted_perturb_net,CD4_rest,pca_perturbseq_file,10,cosine
ATF2,LYZ,-0.718343315768344,down,0.718343315768344,kNN_predicted_perturb_net,CD4_rest,pca_perturbseq_file,10,cosine
ATF6,CCL1,1.224511726566042,up,1.224511726566042,kNN_predicted_perturb_net,CD4_rest,pca_perturbseq_file,10,cosine
ATF6,CCL4,0.6749196240217145,up,0.6749196240217145,kNN_predicted_perturb_net,CD4_rest,pca_perturbseq_file,10,cosine
ATF6,CD200,1.0281297179356088,up,1.0281297179356088,kNN_predicted_perturb_net,CD4_rest,pca_perturbseq_file,10,cosine
ATF6,COL6A2,0.7406871567379028,up,0.7406871567379028,kNN_predicted_perturb_net,CD4_rest,pca_perturbseq_file,10,cosine
ATF6,CRTAM,1.4721616869378806,up,1.4721616869378806,kNN_predicted_perturb_net,CD4_rest,pca_perturbseq_file,10,cosine
ATF6,CTHRC1,0.9461202673314613,up,0.9461202673314613,kNN_predicted_perturb_net,CD4_rest,pca_perturbseq_file,10,cosine
ATF6,EGR2,0.9376597091601792,up,0.9376597091601792,kNN_predicted_perturb_net,CD4_rest,pca_perturbseq_file,10,cosine
ATF6,ELAPOR1,0.7595651175508507,up,0.7595651175508507,kNN_predicted_perturb_net,CD4_rest,pca_perturbseq_file,10,cosine
ATF6,EVC,0.6196941500845665,up,0.6196941500845665,kNN_predicted_perturb_net,CD4_rest,pca_perturbseq_file,10,cosine
ATF6,GNG4,1.138102503844128,up,1.138102503844128,kNN_predicted_perturb_net,CD4_rest,pca_perturbseq_file,10,cosine
ATF6,HMOX1,0.5665092785387258,up,0.5665092785387258,kNN_predicted_perturb_net,CD4_rest,pca_perturbseq_file,10,cosine
ATF6,LAG3,0.6917515329179282,up,0.6917515329179282,kNN_predicted_perturb_net,CD4_rest,pca_perturbseq_file,10,cosine
ATF6,NCR3LG1,0.5382264797495133,up,0.5382264797495133,kNN_predicted_perturb_net,CD4_rest,pca_perturbseq_file,10,cosine
ATF6,PLAAT3,0.5780544031315065,up,0.5780544031315065,kNN_predicted_perturb_net,CD4_rest,pca_perturbseq_file,10,cosine
ATF6,POU2AF1,0.7803517477570111,up,0.7803517477570111,kNN_predicted_perturb_net,CD4_rest,pca_perturbseq_file,10,cosine
ATF6,PRRX2,0.6599529628696363,up,0.6599529628696363,kNN_predicted_perturb_net,CD4_rest,pca_perturbseq_file,10,cosine
ATF6,RHOB,0.5369781305292592,up,0.5369781305292592,kNN_predicted_perturb_net,CD4_rest,pca_perturbseq_file,10,cosine
ATF6,SHC4,0.7057146346239153,up,0.7057146346239153,kNN_predicted_perturb_net,CD4_rest,pca_perturbseq_file,10,cosine
ATF6,SHF,0.7405709506995464,up,0.7405709506995464,kNN_predicted_perturb_net,CD4_rest,pca_perturbseq_file,10,cosine
ATF6,SLC43A2,0.737043038801909,up,0.737043038801909,kNN_predicted_perturb_net,CD4_rest,pca_perturbseq_file,10,cosine
ATF6,TBC1D30,0.8490109594811358,up,0.8490109594811358,kNN_predicted_perturb_net,CD4_rest,pca_perturbseq_file,10,cosine
ATF6,TNFRSF9,0.8477069354382997,up,0.8477069354382997,kNN_predicted_perturb_net,CD4_rest,pca_perturbseq_file,10,cosine
BCL11A,PTGIS,0.5727623009266641,up,0.5727623009266641,kNN_predicted_perturb_net,CD4_rest,pca_perturbseq_file,10,cosine
CEBPA,IL5,0.511917283251139,up,0.511917283251139,kNN_predicted_perturb_net,CD4_rest,pca_perturbseq_file,10,cosine
CREB3,LYZ,-0.6701231820191862,down,0.6701231820191862,kNN_predicted_perturb_net,CD4_rest,pca_perturbseq_file,10,cosine
DBP,GNLY,-0.6717251936571069,down,0.6717251936571069,kNN_predicted_perturb_net,CD4_rest,pca_perturbseq_file,10,cosine
E2F4,MT1G,0.6077424810047724,up,0.6077424810047724,kNN_predicted_perturb_net,CD4_rest,pca_perturbseq_file,10,cosine
E2F4,MT1H,0.7972084711382148,up,0.7972084711382148,kNN_predicted_perturb_net,CD4_rest,pca_perturbseq_file,10,cosine
EGR2,LGALS4,0.5709107397815725,up,0.5709107397815725,kNN_predicted_perturb_net,CD4_rest,pca_perturbseq_file,10,cosine
EGR3,CCL1,0.7165424316759612,up,0.7165424316759612,kNN_predicted_perturb_net,CD4_rest,pca_perturbseq_file,10,cosine
EGR3,CCL4,1.002372293031735,up,1.002372293031735,kNN_predicted_perturb_net,CD4_rest,pca_perturbseq_file,10,cosine
EGR3,CD200,0.6860789794580863,up,0.6860789794580863,kNN_predicted_perturb_net,CD4_rest,pca_perturbseq_file,10,cosine
EGR3,CRTAM,1.050727260118744,up,1.050727260118744,kNN_predicted_perturb_net,CD4_rest,pca_perturbseq_file,10,cosine
EGR3,CTHRC1,0.6094653107667428,up,0.6094653107667428,kNN_predicted_perturb_net,CD4_rest,pca_perturbseq_file,10,cosine
EGR3,EGR2,0.6165884449457975,up,0.6165884449457975,kNN_predicted_perturb_net,CD4_rest,pca_perturbseq_file,10,cosine
EGR3,ELAPOR1,0.5102712012700513,up,0.5102712012700513,kNN_predicted_perturb_net,CD4_rest,pca_perturbseq_file,10,cosine
EGR3,FASLG,0.5196458497526307,up,0.5196458497526307,kNN_predicted_perturb_net,CD4_rest,pca_perturbseq_file,10,cosine
EGR3,GNG4,0.5485078015180718,up,0.5485078015180718,kNN_predicted_perturb_net,CD4_rest,pca_perturbseq_file,10,cosine
EGR3,RDH10,0.5173282582399299,up,0.5173282582399299,kNN_predicted_perturb_net,CD4_rest,pca_perturbseq_file,10,cosine
EGR3,TBC1D30,0.5458395408258566,up,0.5458395408258566,kNN_predicted_perturb_net,CD4_rest,pca_perturbseq_file,10,cosine
EGR3,TNFRSF9,0.647042373482544,up,0.647042373482544,kNN_predicted_perturb_net,CD4_rest,pca_perturbseq_file,10,cosine
EGR4,LYZ,-0.6962940041326964,down,0.6962940041326964,kNN_predicted_perturb_net,CD4_rest,pca_perturbseq_file,10,cosine
EGR4,PMCH,0.5723480158184964,up,0.5723480158184964,kNN_predicted_perturb_net,CD4_rest,pca_perturbseq_file,10,cosine
ELF2,PMCH,0.5880336017042616,up,0.5880336017042616,kNN_predicted_perturb_net,CD4_rest,pca_perturbseq_file,10,cosine
ELK1,FAM20C,0.6031528252831521,up,0.6031528252831521,kNN_predicted_perturb_net,CD4_rest,pca_perturbseq_file,10,cosine
ELK1,KIF26A,0.5303959222271958,up,0.5303959222271958,kNN_predicted_perturb_net,CD4_rest,pca_perturbseq_file,10,cosine
ELK1,ZNF347,0.5380366254090042,up,0.5380366254090042,kNN_predicted_perturb_net,CD4_rest,pca_perturbseq_file,10,cosine
ELK1,ZNF844,0.6327077671250383,up,0.6327077671250383,kNN_predicted_perturb_net,CD4_rest,pca_perturbseq_file,10,cosine
ELK1,ZSCAN18,0.6848731734201037,up,0.6848731734201037,kNN_predicted_perturb_net,CD4_rest,pca_perturbseq_file,10,cosine
ELK3,KLRB1,0.5179993612777511,up,0.5179993612777511,kNN_predicted_perturb_net,CD4_rest,pca_perturbseq_file,10,cosine
ELK3,PRG4,0.6921843988616831,up,0.6921843988616831,kNN_predicted_perturb_net,CD4_rest,pca_perturbseq_file,10,cosine
ESRRA,GNLY,-0.5030600394532195,down,0.5030600394532195,kNN_predicted_perturb_net,CD4_rest,pca_perturbseq_file,10,cosine
ETS1,GZMH,0.5331096222430778,up,0.5331096222430778,kNN_predicted_perturb_net,CD4_rest,pca_perturbseq_file,10,cosine
ETS1,GZMK,0.5664530474856366,up,0.5664530474856366,kNN_predicted_perturb_net,CD4_rest,pca_perturbseq_file,10,cosine
ETS1,LYZ,-0.5670821903328305,down,0.5670821903328305,kNN_predicted_perturb_net,CD4_rest,pca_perturbseq_file,10,cosine
ETS1,MT1G,0.5434894629526534,up,0.5434894629526534,kNN_predicted_perturb_net,CD4_rest,pca_perturbseq_file,10,cosine
ETS1,MT1H,0.7129243345370355,up,0.7129243345370355,kNN_predicted_perturb_net,CD4_rest,pca_perturbseq_file,10,cosine
ETV6,PMCH,0.6621376831163154,up,0.6621376831163154,kNN_predicted_perturb_net,CD4_rest,pca_perturbseq_file,10,cosine
FOXB1,G0S2,0.5064426439549522,up,0.5064426439549522,kNN_predicted_perturb_net,CD4_rest,pca_perturbseq_file,10,cosine
FOXP1,LYZ,-0.6392355282153268,down,0.6392355282153268,kNN_predicted_perturb_net,CD4_rest,pca_perturbseq_file,10,cosine
GATA1,LYZ,-0.8749848588374276,down,0.8749848588374276,kNN_predicted_perturb_net,CD4_rest,pca_perturbseq_file,10,cosine
GATAD2A,CCL1,0.5619595090084054,up,0.5619595090084054,kNN_predicted_perturb_net,CD4_rest,pca_perturbseq_file,10,cosine
GATAD2A,CRTAM,0.8775276620926964,up,0.8775276620926964,kNN_predicted_perturb_net,CD4_rest,pca_perturbseq_file,10,cosine
GPBP1L1,BAIAP2L1,0.5529493433205042,up,0.5529493433205042,kNN_predicted_perturb_net,CD4_rest,pca_perturbseq_file,10,cosine
GPBP1L1,IRF6,0.5025461842302221,up,0.5025461842302221,kNN_predicted_perturb_net,CD4_rest,pca_perturbseq_file,10,cosine
GPBP1L1,LSR,0.5267175530649659,up,0.5267175530649659,kNN_predicted_perturb_net,CD4_rest,pca_perturbseq_file,10,cosine
GPBP1L1,RTKN2,-0.5906222008792655,down,0.5906222008792655,kNN_predicted_perturb_net,CD4_rest,pca_perturbseq_file,10,cosine
GPBP1L1,SPINT2,0.5150278004754631,up,0.5150278004754631,kNN_predicted_perturb_net,CD4_rest,pca_perturbseq_file,10,cosine
HIC1,LYZ,-0.6398634881885276,down,0.6398634881885276,kNN_predicted_perturb_net,CD4_rest,pca_perturbseq_file,10,cosine
HIF1A,CD180,0.759337171138294,up,0.759337171138294,kNN_predicted_perturb_net,CD4_rest,pca_perturbseq_file,10,cosine
HIF1A,CYP1A1,0.5998673622496744,up,0.5998673622496744,kNN_predicted_perturb_net,CD4_rest,pca_perturbseq_file,10,cosine
HIF1A,FAM20C,0.5436894826722687,up,0.5436894826722687,kNN_predicted_perturb_net,CD4_rest,pca_perturbseq_file,10,cosine
HIF1A,VNN2,0.59265342925744,up,0.59265342925744,kNN_predicted_perturb_net,CD4_rest,pca_perturbseq_file,10,cosine
HIF1A,ZNF844,0.570330676026342,up,0.570330676026342,kNN_predicted_perturb_net,CD4_rest,pca_perturbseq_file,10,cosine
HIF1A,ZSCAN18,0.6173532241651796,up,0.6173532241651796,kNN_predicted_perturb_net,CD4_rest,pca_perturbseq_file,10,cosine
HMGA1,CCL1,0.5347947420777039,up,0.5347947420777039,kNN_predicted_perturb_net,CD4_rest,pca_perturbseq_file,10,cosine
HMGA1,CRTAM,0.7502313693630331,up,0.7502313693630331,kNN_predicted_perturb_net,CD4_rest,pca_perturbseq_file,10,cosine
HMGA1,LGMN,0.5276895140266337,up,0.5276895140266337,kNN_predicted_perturb_net,CD4_rest,pca_perturbseq_file,10,cosine
HMGA1,TNFRSF9,0.508867150700055,up,0.508867150700055,kNN_predicted_perturb_net,CD4_rest,pca_perturbseq_file,10,cosine
HMGN3,GNLY,-0.5622821369228961,down,0.5622821369228961,kNN_predicted_perturb_net,CD4_rest,pca_perturbseq_file,10,cosine
HSF1,BAIAP2L1,0.6728653756518276,up,0.6728653756518276,kNN_predicted_perturb_net,CD4_rest,pca_perturbseq_file,10,cosine
HSF1,IRF6,0.6115314741199767,up,0.6115314741199767,kNN_predicted_perturb_net,CD4_rest,pca_perturbseq_file,10,cosine
HSF1,LSR,0.6409447962759298,up,0.6409447962759298,kNN_predicted_perturb_net,CD4_rest,pca_perturbseq_file,10,cosine
HSF1,SPINT1,0.5433288002659841,up,0.5433288002659841,kNN_predicted_perturb_net,CD4_rest,pca_perturbseq_file,10,cosine
HSF1,SPINT2,0.984365907811155,up,0.984365907811155,kNN_predicted_perturb_net,CD4_rest,pca_perturbseq_file,10,cosine
IRF4,DHRS3,0.5492080329078708,up,0.5492080329078708,kNN_predicted_perturb_net,CD4_rest,pca_perturbseq_file,10,cosine
IRF4,FCGBP,0.5110306892152648,up,0.5110306892152648,kNN_predicted_perturb_net,CD4_rest,pca_perturbseq_file,10,cosine
IRF4,NRP2,0.5629974574303908,up,0.5629974574303908,kNN_predicted_perturb_net,CD4_rest,pca_perturbseq_file,10,cosine
IRF4,SERPINB6,0.7367530983667742,up,0.7367530983667742,kNN_predicted_perturb_net,CD4_rest,pca_perturbseq_file,10,cosine
IRF4,ZSCAN18,0.513915054804903,up,0.513915054804903,kNN_predicted_perturb_net,CD4_rest,pca_perturbseq_file,10,cosine
IRF7,CCL4,0.642760552438023,up,0.642760552438023,kNN_predicted_perturb_net,CD4_rest,pca_perturbseq_file,10,cosine
IRF7,CTHRC1,0.5091580836191423,up,0.5091580836191423,kNN_predicted_perturb_net,CD4_rest,pca_perturbseq_file,10,cosine
IRF7,LAG3,0.6816525224934091,up,0.6816525224934091,kNN_predicted_perturb_net,CD4_rest,pca_perturbseq_file,10,cosine
IRF7,NCR3LG1,0.6100004131344177,up,0.6100004131344177,kNN_predicted_perturb_net,CD4_rest,pca_perturbseq_file,10,cosine
IRF7,PRRX2,0.7505175076829234,up,0.7505175076829234,kNN_predicted_perturb_net,CD4_rest,pca_perturbseq_file,10,cosine
IRF7,PTPN3,0.557076484206993,up,0.557076484206993,kNN_predicted_perturb_net,CD4_rest,pca_perturbseq_file,10,cosine
IRF7,TNFRSF9,0.5288111970376783,up,0.5288111970376783,kNN_predicted_perturb_net,CD4_rest,pca_perturbseq_file,10,cosine
IRF8,B3GALT2,-0.5632231219580024,down,0.5632231219580024,kNN_predicted_perturb_net,CD4_rest,pca_perturbseq_file,10,cosine
IRF8,LAG3,0.5018537005178612,up,0.5018537005178612,kNN_predicted_perturb_net,CD4_rest,pca_perturbseq_file,10,cosine
IRF8,TGFB1I1,0.649030912717018,up,0.649030912717018,kNN_predicted_perturb_net,CD4_rest,pca_perturbseq_file,10,cosine
IRF9,ACE,-0.5312213300507607,down,0.5312213300507607,kNN_predicted_perturb_net,CD4_rest,pca_perturbseq_file,10,cosine
JUN,H1-5,-0.504466936866238,down,0.504466936866238,kNN_predicted_perturb_net,CD4_rest,pca_perturbseq_file,10,cosine
JUN,H4C3,-0.5188380193292995,down,0.5188380193292995,kNN_predicted_perturb_net,CD4_rest,pca_perturbseq_file,10,cosine
KLF13,GNLY,-0.5093029025530621,down,0.5093029025530621,kNN_predicted_perturb_net,CD4_rest,pca_perturbseq_file,10,cosine
KLF4,IL22,0.5196585780113504,up,0.5196585780113504,kNN_predicted_perturb_net,CD4_rest,pca_perturbseq_file,10,cosine
LMO2,H1-5,-0.5782740829873154,down,0.5782740829873154,kNN_predicted_perturb_net,CD4_rest,pca_perturbseq_file,10,cosine
LMO2,H2BC9,-0.5588271473105635,down,0.5588271473105635,kNN_predicted_perturb_net,CD4_rest,pca_perturbseq_file,10,cosine
LMO2,H4C3,-0.5363167317288313,down,0.5363167317288313,kNN_predicted_perturb_net,CD4_rest,pca_perturbseq_file,10,cosine
MAFF,PMCH,0.5297477688692459,up,0.5297477688692459,kNN_predicted_perturb_net,CD4_rest,pca_perturbseq_file,10,cosine
MBD3,IKZF2,0.5038231675758539,up,0.5038231675758539,kNN_predicted_perturb_net,CD4_rest,pca_perturbseq_file,10,cosine
MTF1,FAM20C,0.6005036513325793,up,0.6005036513325793,kNN_predicted_perturb_net,CD4_rest,pca_perturbseq_file,10,cosine
MTF1,KIF26A,0.528066311883425,up,0.528066311883425,kNN_predicted_perturb_net,CD4_rest,pca_perturbseq_file,10,cosine
MTF1,MYO18B,0.9534120176240486,up,0.9534120176240486,kNN_predicted_perturb_net,CD4_rest,pca_perturbseq_file,10,cosine
MTF1,ZNF347,0.5356734554912997,up,0.5356734554912997,kNN_predicted_perturb_net,CD4_rest,pca_perturbseq_file,10,cosine
MTF1,ZNF844,0.6299287816594462,up,0.6299287816594462,kNN_predicted_perturb_net,CD4_rest,pca_perturbseq_file,10,cosine
MTF1,ZSCAN18,0.6818650665284236,up,0.6818650665284236,kNN_predicted_perturb_net,CD4_rest,pca_perturbseq_file,10,cosine
MXI1,GNLY,-0.5212024472887459,down,0.5212024472887459,kNN_predicted_perturb_net,CD4_rest,pca_perturbseq_file,10,cosine
NFE2L3,LYZ,-0.6918310241154534,down,0.6918310241154534,kNN_predicted_perturb_net,CD4_rest,pca_perturbseq_file,10,cosine
NR1D2,BAIAP2L1,0.6056232187916142,up,0.6056232187916142,kNN_predicted_perturb_net,CD4_rest,pca_perturbseq_file,10,cosine
NR1D2,GNLY,-0.5222672447857252,down,0.5222672447857252,kNN_predicted_perturb_net,CD4_rest,pca_perturbseq_file,10,cosine
NR1D2,IRF6,0.5504186619650965,up,0.5504186619650965,kNN_predicted_perturb_net,CD4_rest,pca_perturbseq_file,10,cosine
NR1D2,LSR,0.5768925919428229,up,0.5768925919428229,kNN_predicted_perturb_net,CD4_rest,pca_perturbseq_file,10,cosine
NR1D2,LTK,0.5074373615500137,up,0.5074373615500137,kNN_predicted_perturb_net,CD4_rest,pca_perturbseq_file,10,cosine
NR1D2,SPINT2,0.5640892751912037,up,0.5640892751912037,kNN_predicted_perturb_net,CD4_rest,pca_perturbseq_file,10,cosine
NR2F6,KLRG1,0.5333258605321368,up,0.5333258605321368,kNN_predicted_perturb_net,CD4_rest,pca_perturbseq_file,10,cosine
PBX2,LYZ,-1.0940875217430754,down,1.0940875217430754,kNN_predicted_perturb_net,CD4_rest,pca_perturbseq_file,10,cosine
PITX1,IL2,0.5716062082063731,up,0.5716062082063731,kNN_predicted_perturb_net,CD4_rest,pca_perturbseq_file,10,cosine
PITX1,LYZ,-0.6860541694181226,down,0.6860541694181226,kNN_predicted_perturb_net,CD4_rest,pca_perturbseq_file,10,cosine
PLSCR1,GNLY,-0.505936261986338,down,0.505936261986338,kNN_predicted_perturb_net,CD4_rest,pca_perturbseq_file,10,cosine
RUNX1,IL22,0.5802225243463084,up,0.5802225243463084,kNN_predicted_perturb_net,CD4_rest,pca_perturbseq_file,10,cosine
SATB1,TXNIP,-0.5540520628110448,down,0.5540520628110448,kNN_predicted_perturb_net,CD4_rest,pca_perturbseq_file,10,cosine
SMAD3,CCL1,0.6508485152775066,up,0.6508485152775066,kNN_predicted_perturb_net,CD4_rest,pca_perturbseq_file,10,cosine
SMAD3,CFH,0.848464684119633,up,0.848464684119633,kNN_predicted_perturb_net,CD4_rest,pca_perturbseq_file,10,cosine
SMAD3,CRTAM,0.9130362257630317,up,0.9130362257630317,kNN_predicted_perturb_net,CD4_rest,pca_perturbseq_file,10,cosine
SMAD3,F2R,0.5805450323146049,up,0.5805450323146049,kNN_predicted_perturb_net,CD4_rest,pca_perturbseq_file,10,cosine
SMAD3,FASLG,0.6299034146663289,up,0.6299034146663289,kNN_predicted_perturb_net,CD4_rest,pca_perturbseq_file,10,cosine
SMAD3,GNLY,1.0647844028010052,up,1.0647844028010052,kNN_predicted_perturb_net,CD4_rest,pca_perturbseq_file,10,cosine
SMAD3,HMOX1,0.5270698292148143,up,0.5270698292148143,kNN_predicted_perturb_net,CD4_rest,pca_perturbseq_file,10,cosine
SMAD3,OPLAH,0.6646323122565396,up,0.6646323122565396,kNN_predicted_perturb_net,CD4_rest,pca_perturbseq_file,10,cosine
SMAD3,OTUB2,0.8352314079977361,up,0.8352314079977361,kNN_predicted_perturb_net,CD4_rest,pca_perturbseq_file,10,cosine
SMAD3,SH3RF2,0.5124385089891141,up,0.5124385089891141,kNN_predicted_perturb_net,CD4_rest,pca_perturbseq_file,10,cosine
SMAD3,WHRN,0.5499438706340727,up,0.5499438706340727,kNN_predicted_perturb_net,CD4_rest,pca_perturbseq_file,10,cosine
SOX8,CDK1,-0.5378681175352451,down,0.5378681175352451,kNN_predicted_perturb_net,CD4_rest,pca_perturbseq_file,10,cosine
SOX8,H1-5,-0.5649227604396236,down,0.5649227604396236,kNN_predicted_perturb_net,CD4_rest,pca_perturbseq_file,10,cosine
SOX8,H2BC9,-0.6163061357698826,down,0.6163061357698826,kNN_predicted_perturb_net,CD4_rest,pca_perturbseq_file,10,cosine
SOX8,H4C3,-0.5923437171118539,down,0.5923437171118539,kNN_predicted_perturb_net,CD4_rest,pca_perturbseq_file,10,cosine
SOX8,RRM2,-0.5297337166347583,down,0.5297337166347583,kNN_predicted_perturb_net,CD4_rest,pca_perturbseq_file,10,cosine
SOX8,TUBA1C,-0.5468856393282637,down,0.5468856393282637,kNN_predicted_perturb_net,CD4_rest,pca_perturbseq_file,10,cosine
TCF4,H2BC9,-0.5222992871297479,down,0.5222992871297479,kNN_predicted_perturb_net,CD4_rest,pca_perturbseq_file,10,cosine
TCF4,H4C3,-0.5031633817078419,down,0.5031633817078419,kNN_predicted_perturb_net,CD4_rest,pca_perturbseq_file,10,cosine
TFCP2,MT1G,0.5918886912800883,up,0.5918886912800883,kNN_predicted_perturb_net,CD4_rest,pca_perturbseq_file,10,cosine
TFCP2,MT1H,0.7764122032069908,up,0.7764122032069908,kNN_predicted_perturb_net,CD4_rest,pca_perturbseq_file,10,cosine
TFCP2,SPP1,0.5683161874713726,up,0.5683161874713726,kNN_predicted_perturb_net,CD4_rest,pca_perturbseq_file,10,cosine
TP53,GNLY,-0.565572394312959,down,0.565572394312959,kNN_predicted_perturb_net,CD4_rest,pca_perturbseq_file,10,cosine
TP53,PMCH,0.572504987142817,up,0.572504987142817,kNN_predicted_perturb_net,CD4_rest,pca_perturbseq_file,10,cosine
UBP1,ELAPOR1,0.5168274053108194,up,0.5168274053108194,kNN_predicted_perturb_net,CD4_rest,pca_perturbseq_file,10,cosine
VDR,ADAMTS1,-0.7741745992576561,down,0.7741745992576561,kNN_predicted_perturb_net,CD4_rest,pca_perturbseq_file,10,cosine
VDR,CCR5,-0.5232543164172607,down,0.5232543164172607,kNN_predicted_perturb_net,CD4_rest,pca_perturbseq_file,10,cosine
VDR,GNLY,-0.661478062453708,down,0.661478062453708,kNN_predicted_perturb_net,CD4_rest,pca_perturbseq_file,10,cosine
VDR,LYZ,-0.5198636394781363,down,0.5198636394781363,kNN_predicted_perturb_net,CD4_rest,pca_perturbseq_file,10,cosine
VDR,RTKN2,-0.6671745542306414,down,0.6671745542306414,kNN_predicted_perturb_net,CD4_rest,pca_perturbseq_file,10,cosine
ZBED2,IL22,0.7824706545092636,up,0.7824706545092636,kNN_predicted_perturb_net,CD4_rest,pca_perturbseq_file,10,cosine
ZBED2,IL26,0.6070907735995433,up,0.6070907735995433,kNN_predicted_perturb_net,CD4_rest,pca_perturbseq_file,10,cosine
ZBED2,KLRB1,0.6639912431570401,up,0.6639912431570401,kNN_predicted_perturb_net,CD4_rest,pca_perturbseq_file,10,cosine
ZBED2,LTK,0.7515325440414184,up,0.7515325440414184,kNN_predicted_perturb_net,CD4_rest,pca_perturbseq_file,10,cosine
ZBED2,PTPN13,0.5408877996962106,up,0.5408877996962106,kNN_predicted_perturb_net,CD4_rest,pca_perturbseq_file,10,cosine
ZBED2,STON1,0.5113667469173032,up,0.5113667469173032,kNN_predicted_perturb_net,CD4_rest,pca_perturbseq_file,10,cosine
ZBTB17,CXXC5,0.5909248442391346,up,0.5909248442391346,kNN_predicted_perturb_net,CD4_rest,pca_perturbseq_file,10,cosine
ZBTB17,FXYD2,0.699301661807462,up,0.699301661807462,kNN_predicted_perturb_net,CD4_rest,pca_perturbseq_file,10,cosine
ZBTB17,GZMH,0.6369757049609178,up,0.6369757049609178,kNN_predicted_perturb_net,CD4_rest,pca_perturbseq_file,10,cosine
ZBTB17,GZMK,0.6768154506971266,up,0.6768154506971266,kNN_predicted_perturb_net,CD4_rest,pca_perturbseq_file,10,cosine
ZBTB17,RTKN2,0.5155405258538901,up,0.5155405258538901,kNN_predicted_perturb_net,CD4_rest,pca_perturbseq_file,10,cosine
ZBTB18,CLU,-0.5505700164298529,down,0.5505700164298529,kNN_predicted_perturb_net,CD4_rest,pca_perturbseq_file,10,cosine
ZBTB18,GNLY,-0.510903625588504,down,0.510903625588504,kNN_predicted_perturb_net,CD4_rest,pca_perturbseq_file,10,cosine
ZBTB18,NRP2,0.5264613579310468,up,0.5264613579310468,kNN_predicted_perturb_net,CD4_rest,pca_perturbseq_file,10,cosine
ZBTB18,PCSK6,0.7414405440099491,up,0.7414405440099491,kNN_predicted_perturb_net,CD4_rest,pca_perturbseq_file,10,cosine
ZFP91,KLRB1,0.519445608636924,up,0.519445608636924,kNN_predicted_perturb_net,CD4_rest,pca_perturbseq_file,10,cosine
ZNF226,PMCH,0.7125678429123116,up,0.7125678429123116,kNN_predicted_perturb_net,CD4_rest,pca_perturbseq_file,10,cosine
ZNF326,PCSK6,0.6444763497154247,up,0.6444763497154247,kNN_predicted_perturb_net,CD4_rest,pca_perturbseq_file,10,cosine
ZNF37A,PTGIS,0.6902429575963439,up,0.6902429575963439,kNN_predicted_perturb_net,CD4_rest,pca_perturbseq_file,10,cosine
ZNF429,GNLY,-0.6475453820239092,down,0.6475453820239092,kNN_predicted_perturb_net,CD4_rest,pca_perturbseq_file,10,cosine
ZNF48,MGLL,0.5187432973098285,up,0.5187432973098285,kNN_predicted_perturb_net,CD4_rest,pca_perturbseq_file,10,cosine
ZNF501,ADAMTS1,-0.6130626257850598,down,0.6130626257850598,kNN_predicted_perturb_net,CD4_rest,pca_perturbseq_file,10,cosine
ZNF501,AKR1C3,-0.57981393408657,down,0.57981393408657,kNN_predicted_perturb_net,CD4_rest,pca_perturbseq_file,10,cosine
ZNF501,GNLY,-0.8868326980939656,down,0.8868326980939656,kNN_predicted_perturb_net,CD4_rest,pca_perturbseq_file,10,cosine
ZNF501,LYZ,-0.6029006634663682,down,0.6029006634663682,kNN_predicted_perturb_net,CD4_rest,pca_perturbseq_file,10,cosine
ZNF501,RTKN2,-0.7737413253162302,down,0.7737413253162302,kNN_predicted_perturb_net,CD4_rest,pca_perturbseq_file,10,cosine
ZNF524,TTBK1,0.5557062401788782,up,0.5557062401788782,kNN_predicted_perturb_net,CD4_rest,pca_perturbseq_file,10,cosine
ZNF544,CTHRC1,0.5021164487279131,up,0.5021164487279131,kNN_predicted_perturb_net,CD4_rest,pca_perturbseq_file,10,cosine
ZNF544,LHFPL6,0.6112331045993755,up,0.6112331045993755,kNN_predicted_perturb_net,CD4_rest,pca_perturbseq_file,10,cosine
ZNF544,PMCH,0.6123382760574703,up,0.6123382760574703,kNN_predicted_perturb_net,CD4_rest,pca_perturbseq_file,10,cosine
ZNF544,SPP1,0.7763539965329342,up,0.7763539965329342,kNN_predicted_perturb_net,CD4_rest,pca_perturbseq_file,10,cosine
ZNF580,FCMR,-0.5738644431087008,down,0.5738644431087008,kNN_predicted_perturb_net,CD4_rest,pca_perturbseq_file,10,cosine
ZNF580,LYZ,-0.6342592537776192,down,0.6342592537776192,kNN_predicted_perturb_net,CD4_rest,pca_perturbseq_file,10,cosine
ZNF639,HMOX1,0.602703373155406,up,0.602703373155406,kNN_predicted_perturb_net,CD4_rest,pca_perturbseq_file,10,cosine
ZNF84,LYZ,-0.8464768932677902,down,0.8464768932677902,kNN_predicted_perturb_net,CD4_rest,pca_perturbseq_file,10,cosine
ZNF84,PMCH,0.566858729471535,up,0.566858729471535,kNN_predicted_perturb_net,CD4_rest,pca_perturbseq_file,10,cosine
ZNF879,GNLY,-0.5522904433898411,down,0.5522904433898411,kNN_predicted_perturb_net,CD4_rest,pca_perturbseq_file,10,cosine
