source_TF,target_gene,log2FC,culture_condition,evidence
AC008770.3,GNLY,-0.8596956366183709,Rest,kNN_predicted
AC008770.3,LGMN,0.6696146686531845,Rest,kNN_predicted
AC008770.3,STON2,0.5405214076155737,Rest,kNN_predicted
AC138696.1,CFH,0.5182490088768497,Rest,kNN_predicted
AHCTF1,CFH,0.5200501464522254,Rest,kNN_predicted
AKAP8,CCL1,0.6043813372501158,Rest,kNN_predicted
AKAP8,COL6A2,0.5026727335131755,Rest,kNN_predicted
AKAP8,CRTAM,0.506202029815493,Rest,kNN_predicted
AKAP8,EVC,0.7546121994094938,Rest,kNN_predicted
AKAP8,GNG4,0.6707993071086096,Rest,kNN_predicted
AKAP8,LAG3,0.8437300524836308,Rest,kNN_predicted
AKAP8,LAYN,0.5418033149139991,Rest,kNN_predicted
ALX3,NR4A1,0.5247858429329256,Rest,kNN_predicted
ANHX,FAM20C,0.6220296382988244,Rest,kNN_predicted
ANHX,KIF26A,0.546995669801051,Rest,kNN_predicted
ANHX,ZNF347,0.5548755032981382,Rest,kNN_predicted
ANHX,ZNF844,0.6525095581685868,Rest,kNN_predicted
ANHX,ZSCAN18,0.706307579912409,Rest,kNN_predicted
ARGFX,BAIAP2L1,0.5841056734257433,Rest,kNN_predicted
ARGFX,IRF6,0.5308625119339149,Rest,kNN_predicted
ARGFX,LSR,0.5563958340029068,Rest,kNN_predicted
ARGFX,PYROXD2,0.5194876280803782,Rest,kNN_predicted
ARGFX,SPINT2,0.5440474138610746,Rest,kNN_predicted
ARGFX,TIMP2,0.5372724747494598,Rest,kNN_predicted
ARHGAP35,RTKN2,-0.6044704415659555,Rest,kNN_predicted
ARNTL,LYZ,-1.1609608025392322,Rest,kNN_predicted
ARX,PMCH,0.5715213382274696,Rest,kNN_predicted
ARX,TIMP2,0.5043758532450311,Rest,kNN_predicted
ASCL2,ADAMTS1,-0.5156398181336228,Rest,kNN_predicted
ASCL2,LYZ,-0.5070927102501812,Rest,kNN_predicted
ASCL2,RTKN2,-0.6507847966716683,Rest,kNN_predicted
ASCL3,CCL1,0.6334923794835879,Rest,kNN_predicted
ASCL3,COL6A2,0.5268848100168898,Rest,kNN_predicted
ASCL3,CRTAM,0.5305841008034491,Rest,kNN_predicted
ASCL3,GNG4,0.5071730583110095,Rest,kNN_predicted
ASCL4,NR4A1,0.522828067624767,Rest,kNN_predicted
ASCL5,IL5,0.5040157880914838,Rest,kNN_predicted
ASCL5,LYZ,-0.9273685844092893,Rest,kNN_predicted
ATF2,KLRB1,0.547802231313909,Rest,kNN_predicted
ATF2,NR4A1,0.5625905896060887,Rest,kNN_predicted
ATF2,SPP1,0.5355754138176737,Rest,kNN_predicted
ATF3,MEST,0.5040105153186774,Rest,kNN_predicted
ATF5,GNLY,-0.5617580223278895,Rest,kNN_predicted
BACH2,IRX3,-0.6224754865362954,Rest,kNN_predicted
BARHL1,FAM20C,0.5807426563251533,Rest,kNN_predicted
BARHL1,KIF26A,0.5106890391065456,Rest,kNN_predicted
BARHL1,ZNF347,0.5180458516356296,Rest,kNN_predicted
BARHL1,ZNF844,0.6091994830418893,Rest,kNN_predicted
BARHL1,ZSCAN18,0.6594266814403306,Rest,kNN_predicted
BARX2,IL4,0.6751107551736043,Rest,kNN_predicted
BARX2,NR4A1,0.5225104636213235,Rest,kNN_predicted
BATF2,LYZ,-0.5156954759584823,Rest,kNN_predicted
BAZ2B,SLC35G2,0.5248190627238788,Rest,kNN_predicted
BAZ2B,SYP,0.506272130832688,Rest,kNN_predicted
BBX,ADAMTS1,-0.5009511628288079,Rest,kNN_predicted
BBX,RTKN2,-0.6322463649607042,Rest,kNN_predicted
BHLHA15,GSDME,0.530241935926276,Rest,kNN_predicted
BHLHA15,PMCH,0.5780925380692378,Rest,kNN_predicted
BHLHA15,SPINT2,0.5578996038922186,Rest,kNN_predicted
BHLHE22,AFF2,0.5631207658770196,Rest,kNN_predicted
BHLHE22,BAIAP2L1,0.582971085089606,Rest,kNN_predicted
BHLHE22,FAM20C,0.8876233821678565,Rest,kNN_predicted
BHLHE22,IRF6,0.5298313450722746,Rest,kNN_predicted
BHLHE22,KIF26A,0.5385159675363731,Rest,kNN_predicted
BHLHE22,LSR,0.5553150702776847,Rest,kNN_predicted
BHLHE22,SPINT2,0.5429906361611558,Rest,kNN_predicted
BHLHE22,ZNF347,0.5462736453279593,Rest,kNN_predicted
BHLHE22,ZNF844,0.6423941457739355,Rest,kNN_predicted
BHLHE22,ZSCAN18,0.6953581733346187,Rest,kNN_predicted
BHLHE23,SPP1,0.5210252606196359,Rest,kNN_predicted
BHLHE41,NR4A1,0.5594277081770828,Rest,kNN_predicted
BNC1,LHFPL6,0.5015721867635468,Rest,kNN_predicted
BNC1,PMCH,0.502479080157923,Rest,kNN_predicted
BNC1,SPP1,0.6370688511690941,Rest,kNN_predicted
BNC2,SPP1,0.6263090339191646,Rest,kNN_predicted
BORCS8-MEF2B,KLRB1,0.5353938270579837,Rest,kNN_predicted
BORCS8-MEF2B,PMCH,0.5843017609718758,Rest,kNN_predicted
BRF2,CCL1,0.6008448717487704,Rest,kNN_predicted
BRF2,CRTAM,0.8428891225735727,Rest,kNN_predicted
BSX,CCL1,0.5948788662953345,Rest,kNN_predicted
BSX,CRTAM,0.8345197724495054,Rest,kNN_predicted
BSX,PLAAT3,0.5157590774211711,Rest,kNN_predicted
C11ORF95,HHLA2,0.6215564380540299,Rest,kNN_predicted
C11ORF95,LHFPL6,0.5073291379006283,Rest,kNN_predicted
C11ORF95,PMCH,0.8531922322928217,Rest,kNN_predicted
C11ORF95,SPP1,0.6443810075125359,Rest,kNN_predicted
C11ORF95,XCL2,0.6610921860320819,Rest,kNN_predicted
CAMTA2,FAM20C,0.6278249115647813,Rest,kNN_predicted
CAMTA2,KIF26A,0.5520918729184164,Rest,kNN_predicted
CAMTA2,MAML3,0.5534210671766153,Rest,kNN_predicted
CAMTA2,NEIL1,0.5006341402318747,Rest,kNN_predicted
CAMTA2,ZNF347,0.560045120583566,Rest,kNN_predicted
CAMTA2,ZNF844,0.6585888041810076,Rest,kNN_predicted
CAMTA2,ZSCAN18,0.7128880467959543,Rest,kNN_predicted
CBX2,HLF,0.6838320058839943,Rest,kNN_predicted
CCDC169-SOHLH2,IFIT2,0.502072851901156,Rest,kNN_predicted
CCDC169-SOHLH2,IL22,0.537496535001478,Rest,kNN_predicted
CCDC17,KLRB1,0.5264587175741446,Rest,kNN_predicted
CDC5L,DGKI,0.5564360317433449,Rest,kNN_predicted
CDX1,GZMK,0.5381491611604992,Rest,kNN_predicted
CDX4,STON2,0.5561299315989403,Rest,kNN_predicted
CENPB,GNLY,-0.5729547734646039,Rest,kNN_predicted
CENPS,CCL1,0.6203796427950864,Rest,kNN_predicted
CENPS,CFH,0.5067233419796413,Rest,kNN_predicted
CENPS,COL6A2,0.5159787565225216,Rest,kNN_predicted
CENPS,CRTAM,0.519601475234042,Rest,kNN_predicted
CENPS,FAM20C,0.591095637841809,Rest,kNN_predicted
CENPS,HHLA2,0.5236955455767698,Rest,kNN_predicted
CENPS,PMCH,0.7824852929659506,Rest,kNN_predicted
CENPX,CCL1,0.6251595903261535,Rest,kNN_predicted
CENPX,CRTAM,0.8769987784447526,Rest,kNN_predicted
CENPX,HMOX1,0.5062664364605897,Rest,kNN_predicted
CHCHD3,CCL3,0.5514366545774408,Rest,kNN_predicted
CHCHD3,FXYD2,1.002397564105073,Rest,kNN_predicted
CHCHD3,KLRG1,0.51030955382575,Rest,kNN_predicted
CHCHD3,P2RY14,0.7701668695746274,Rest,kNN_predicted
CPEB1,GNLY,-0.6695397342286706,Rest,kNN_predicted
CREB3,CCL3,0.5285093003594129,Rest,kNN_predicted
CREB3,CHST2,0.591437575712444,Rest,kNN_predicted
CREB3,NTNG2,0.5636810831487963,Rest,kNN_predicted
CREB3L4,CCL1,0.628436556343358,Rest,kNN_predicted
CREB3L4,CRTAM,0.8815958369216033,Rest,kNN_predicted
CREB3L4,FAM43A,0.5049011273861402,Rest,kNN_predicted
CREB3L4,FASLG,0.6815719876230003,Rest,kNN_predicted
CREB3L4,HMOX1,0.5089201874924936,Rest,kNN_predicted
CREB3L4,TNIP3,0.6152001680015222,Rest,kNN_predicted
CREM,PYROXD2,0.5178100591303646,Rest,kNN_predicted
CREM,TIMP2,0.5355374736202372,Rest,kNN_predicted
CSRNP3,BAIAP2L1,0.5849960738360108,Rest,kNN_predicted
CSRNP3,GNLY,-0.5592327578589802,Rest,kNN_predicted
CSRNP3,IRF6,0.5316717494057055,Rest,kNN_predicted
CSRNP3,LSR,0.5572439940215586,Rest,kNN_predicted
CSRNP3,MEST,0.503897438534291,Rest,kNN_predicted
CSRNP3,SPINT2,0.544876750165353,Rest,kNN_predicted
CTCF,LHFPL6,0.5249766248048154,Rest,kNN_predicted
CTCF,PMCH,0.5259258357973736,Rest,kNN_predicted
CTCF,SPP1,0.6667958552747628,Rest,kNN_predicted
CTCFL,LYZ,-0.9150812338777302,Rest,kNN_predicted
CUX2,TIMP2,0.5123385264555849,Rest,kNN_predicted
DBX1,PMCH,0.6306110915244613,Rest,kNN_predicted
DBX2,NR4A1,0.5265174764492642,Rest,kNN_predicted
DDIT3,FAM20C,0.5925817459587687,Rest,kNN_predicted
DDIT3,GZMH,-0.5191921625008313,Rest,kNN_predicted
DDIT3,IL5,0.5274252019347649,Rest,kNN_predicted
DDIT3,KIF26A,0.5211000072746943,Rest,kNN_predicted
DDIT3,ZNF347,0.5286067966687474,Rest,kNN_predicted
DDIT3,ZNF844,0.6216186969672514,Rest,kNN_predicted
DDIT3,ZSCAN18,0.6728698330727094,Rest,kNN_predicted
DLX1,PMCH,0.5792863445362113,Rest,kNN_predicted
DLX3,CCL1,0.6217934624455165,Rest,kNN_predicted
DLX3,COL6A2,0.517154650853756,Rest,kNN_predicted
DLX3,CRTAM,0.5207856255919882,Rest,kNN_predicted
DLX4,SPP1,0.6253164189843713,Rest,kNN_predicted
DLX5,L1CAM,0.5126687317665307,Rest,kNN_predicted
DLX5,SLC35G2,0.5451584287013354,Rest,kNN_predicted
DLX5,SYP,0.5258927103515582,Rest,kNN_predicted
DMBX1,CCL4,0.5047728134436781,Rest,kNN_predicted
DMRT3,CCL1,0.6222148054679102,Rest,kNN_predicted
DMRT3,CD200,0.5300589976459407,Rest,kNN_predicted
DMRT3,CRTAM,0.938169873006732,Rest,kNN_predicted
DMRT3,CYP1B1,-0.5047941976007259,Rest,kNN_predicted
DMRT3,EGR2,0.5073633248612842,Rest,kNN_predicted
DMRT3,FASLG,0.5883145247008598,Rest,kNN_predicted
DMRT3,HMOX1,0.541578768495084,Rest,kNN_predicted
DMRT3,POU2AF1,0.5193952438481728,Rest,kNN_predicted
DMRT3,SDC4,0.5527022396567092,Rest,kNN_predicted
DMRTA1,SPP1,0.5013491467480066,Rest,kNN_predicted
DMRTA2,IL22,0.5346229523206744,Rest,kNN_predicted
DMRTB1,FXYD2,0.625686654229402,Rest,kNN_predicted
DMRTB1,IKZF2,0.7132988641008196,Rest,kNN_predicted
DMRTB1,KLRB1,0.6740811092864105,Rest,kNN_predicted
DMRTB1,KLRG1,0.5198234331455894,Rest,kNN_predicted
DMRTB1,P2RY14,0.5775710863190479,Rest,kNN_predicted
DMRTC2,SPP1,0.5624437432835697,Rest,kNN_predicted
DNMT1,C15ORF48,0.5028373431749336,Rest,kNN_predicted
DNMT1,LYZ,-0.7121234447505396,Rest,kNN_predicted
DNMT1,MAML3,0.5146107866215034,Rest,kNN_predicted
DNMT1,TOX2,0.5664724155532803,Rest,kNN_predicted
DPF3,ZSCAN18,0.5111167099365445,Rest,kNN_predicted
DRAP1,CFH,0.507418084814949,Rest,kNN_predicted
DRAP1,LYZ,-0.9075707487464827,Rest,kNN_predicted
DUX1,PMCH,0.5828507194830854,Rest,kNN_predicted
DUX4,TIMP2,0.5140625551073641,Rest,kNN_predicted
E2F2,PYROXD2,0.5056975715052728,Rest,kNN_predicted
E2F2,TIMP2,0.5230103106043389,Rest,kNN_predicted
E2F5,FAM20C,0.5967464726726059,Rest,kNN_predicted
E2F5,IL5,0.5548280619974171,Rest,kNN_predicted
E2F5,KIF26A,0.5247623528256299,Rest,kNN_predicted
E2F5,ZNF347,0.5323219007235311,Rest,kNN_predicted
E2F5,ZNF844,0.6259874984207816,Rest,kNN_predicted
E2F5,ZSCAN18,0.6775988328906148,Rest,kNN_predicted
EBF3,GNLY,-0.575588199499251,Rest,kNN_predicted
EBF3,IFIT2,0.5084099148466076,Rest,kNN_predicted
EGR1,LHFPL6,0.5024193741791204,Rest,kNN_predicted
EGR1,PMCH,0.5033277993742847,Rest,kNN_predicted
EGR1,SPP1,0.6381449010933272,Rest,kNN_predicted
EGR4,IL22,0.5265797294782196,Rest,kNN_predicted
ELF2,CCL1,1.2606571482619382,Rest,kNN_predicted
ELF2,CD200,0.6436951635836105,Rest,kNN_predicted
ELF2,COL6A2,0.519632795011824,Rest,kNN_predicted
ELF2,CRTAM,1.4153247516041494,Rest,kNN_predicted
ELF2,EGR2,0.8531737369012741,Rest,kNN_predicted
ELF2,GNG4,0.8861367976840826,Rest,kNN_predicted
ELF2,HMOX1,0.7344096314285573,Rest,kNN_predicted
ELF2,PLAAT3,0.5113350086701889,Rest,kNN_predicted
ELF2,POU2AF1,0.5655000596893031,Rest,kNN_predicted
ELF2,SLC43A2,0.5217854386458802,Rest,kNN_predicted
ELF2,TNFRSF9,0.6636961137558778,Rest,kNN_predicted
ELF2,TNIP3,0.553327873052068,Rest,kNN_predicted
ELF5,CCL1,0.6316926286766714,Rest,kNN_predicted
ELF5,CRTAM,0.886163584906328,Rest,kNN_predicted
ELF5,HMOX1,0.5115570184114344,Rest,kNN_predicted
EN2,MT1G,0.5650499788470348,Rest,kNN_predicted
EN2,MT1H,0.7412064218525279,Rest,kNN_predicted
EN2,RTKN2,-0.603305858977841,Rest,kNN_predicted
EOMES,RTKN2,-0.5735841161623191,Rest,kNN_predicted
ERG,KLRB1,0.532069010799745,Rest,kNN_predicted
ESR1,IFNG,0.5286967258993186,Rest,kNN_predicted
ESR1,IL3,0.7458163988201286,Rest,kNN_predicted
ESRRG,ADAMTS10,-0.5216067393600554,Rest,kNN_predicted
ESRRG,CCL1,0.7210444437139824,Rest,kNN_predicted
ESRRG,CFH,0.560166434476521,Rest,kNN_predicted
ESRRG,IL26,0.5083644897359845,Rest,kNN_predicted
ESRRG,LTK,0.518771094466491,Rest,kNN_predicted
ESX1,IFNG,0.5352116870170303,Rest,kNN_predicted
ESX1,NR4A1,0.5616055309013888,Rest,kNN_predicted
ETV1,IL22,0.5304452074078733,Rest,kNN_predicted
ETV1,STON1,0.5255764448886685,Rest,kNN_predicted
ETV3L,L1CAM,0.5062916499406795,Rest,kNN_predicted
ETV3L,SLC35G2,0.5383772078223056,Rest,kNN_predicted
ETV3L,SYP,0.5193511355729,Rest,kNN_predicted
ETV4,CCL3,0.5253753739068379,Rest,kNN_predicted
ETV4,CD200,0.5139777531358862,Rest,kNN_predicted
ETV5,ATP9A,0.5085531829614112,Rest,kNN_predicted
ETV5,CCL1,0.6468883078643347,Rest,kNN_predicted
ETV5,COL6A2,0.5380263981535036,Rest,kNN_predicted
ETV5,CRTAM,0.5418039147183694,Rest,kNN_predicted
ETV5,DSG2,0.5048926065453666,Rest,kNN_predicted
ETV5,GNG4,0.5178978186803718,Rest,kNN_predicted
ETV6,ASB2,0.557545950198647,Rest,kNN_predicted
ETV6,HHLA2,0.5304601638280608,Rest,kNN_predicted
ETV6,PLXND1,0.5267717444511681,Rest,kNN_predicted
ETV6,RGS6,0.5101242374256986,Rest,kNN_predicted
ETV6,SIGLEC6,-0.7168490201208978,Rest,kNN_predicted
ETV6,STON2,0.5547020414191532,Rest,kNN_predicted
EVX1,SPP1,0.6179292746983428,Rest,kNN_predicted
EVX1,XCL2,0.7662987266174666,Rest,kNN_predicted
FAM170A,CCL1,0.6085669356319401,Rest,kNN_predicted
FAM170A,CRTAM,0.8537219414208034,Rest,kNN_predicted
FAM200B,MT1G,0.5961749321381713,Rest,kNN_predicted
FAM200B,MT1H,0.7820346956741178,Rest,kNN_predicted
FEV,PMCH,0.595735326862926,Rest,kNN_predicted
FEZF2,GZMK,0.501331347747222,Rest,kNN_predicted
FEZF2,PMCH,1.0217971991784636,Rest,kNN_predicted
FIZ1,ZSCAN18,0.5192683835535078,Rest,kNN_predicted
FLYWCH1,DYNC2H1,0.5288050160768398,Rest,kNN_predicted
FOSB,GNLY,-0.873463019425527,Rest,kNN_predicted
FOSB,TOX2,0.6620746692064507,Rest,kNN_predicted
FOXB1,AKR1C3,-0.536768190618324,Rest,kNN_predicted
FOXB1,GNLY,-0.8929467218243623,Rest,kNN_predicted
FOXB1,RTKN2,-0.5904804259483964,Rest,kNN_predicted
FOXB2,IL2,0.5723279379139116,Rest,kNN_predicted
FOXC1,MT1G,0.5828737957338819,Rest,kNN_predicted
FOXC1,MT1H,0.7645868802774825,Rest,kNN_predicted
FOXC1,STON2,0.547012411156039,Rest,kNN_predicted
FOXC1,TCN2,0.5295516632208231,Rest,kNN_predicted
FOXC2,IL22,0.5477023719716402,Rest,kNN_predicted
FOXD1,GZMK,0.5056677275935811,Rest,kNN_predicted
FOXD2,IFIT3,0.5478034991931826,Rest,kNN_predicted
FOXD4L1,EOMES,0.5840252406183569,Rest,kNN_predicted
FOXD4L1,KLRB1,0.5415193731548905,Rest,kNN_predicted
FOXD4L1,PMCH,0.5768288903397037,Rest,kNN_predicted
FOXD4L3,CCL3,0.5327252430858757,Rest,kNN_predicted
FOXD4L3,GSDME,0.524809674401592,Rest,kNN_predicted
FOXD4L3,NTNG2,0.5679932972946226,Rest,kNN_predicted
FOXD4L3,SLC35G2,0.5003139108943357,Rest,kNN_predicted
FOXD4L3,SPINT2,0.5533169624687221,Rest,kNN_predicted
FOXD4L4,KLRB1,0.5178467575209335,Rest,kNN_predicted
FOXG1,SPP1,0.5108845357344939,Rest,kNN_predicted
FOXH1,CCL1,0.5192646427301463,Rest,kNN_predicted
FOXH1,CFH,0.5492800488664418,Rest,kNN_predicted
FOXH1,IL3,0.5060566501260699,Rest,kNN_predicted
FOXI1,FAM20C,0.5824337112803157,Rest,kNN_predicted
FOXI1,KIF26A,0.5121761060900405,Rest,kNN_predicted
FOXI1,ZNF347,0.5195543408000957,Rest,kNN_predicted
FOXI1,ZNF844,0.6109734009610572,Rest,kNN_predicted
FOXI1,ZSCAN18,0.6613468551094601,Rest,kNN_predicted
FOXI2,RNASE6,0.5414663339174045,Rest,kNN_predicted
FOXK2,SPP1,0.6272795097646923,Rest,kNN_predicted
FOXN1,BAIAP2L1,0.6420090263431432,Rest,kNN_predicted
FOXN1,IRF6,0.5834877829723664,Rest,kNN_predicted
FOXN1,LSR,0.6115522651142324,Rest,kNN_predicted
FOXN1,SPINT1,0.5184127563482321,Rest,kNN_predicted
FOXN1,SPINT2,0.5979797258412654,Rest,kNN_predicted
FOXO6,CSF2RB,-0.5765331280688165,Rest,kNN_predicted
FOXP1,L1CAM,0.6609109658702154,Rest,kNN_predicted
FOXP2,GNLY,-0.5873399278898366,Rest,kNN_predicted
FOXP2,STON2,0.5470694767177785,Rest,kNN_predicted
FOXQ1,GNLY,-0.5376062398370951,Rest,kNN_predicted
FOXS1,FAM20C,0.6274321845414772,Rest,kNN_predicted
FOXS1,KIF26A,0.5517465196298679,Rest,kNN_predicted
FOXS1,NEIL1,0.500320975602635,Rest,kNN_predicted
FOXS1,PMCH,0.6024192233622826,Rest,kNN_predicted
FOXS1,ZNF347,0.5596947922530534,Rest,kNN_predicted
FOXS1,ZNF844,0.6581768332383403,Rest,kNN_predicted
FOXS1,ZSCAN18,0.7124421097274976,Rest,kNN_predicted
GATA6,IFNG,0.520145724262978,Rest,kNN_predicted
GATAD2A,SBF2,0.6318581068736051,Rest,kNN_predicted
GBX1,EOMES,0.5095997626431574,Rest,kNN_predicted
GBX1,LYZ,-0.9671268268819434,Rest,kNN_predicted
GCM2,IFNG,0.504629188830283,Rest,kNN_predicted
GCM2,IL3,0.7138343164965341,Rest,kNN_predicted
GFI1B,FAM20C,0.5913536506585366,Rest,kNN_predicted
GFI1B,GZMH,-0.5139325339778658,Rest,kNN_predicted
GFI1B,KIF26A,0.5200200542146326,Rest,kNN_predicted
GFI1B,ZNF347,0.5275112861723699,Rest,kNN_predicted
GFI1B,ZNF844,0.6203304240741222,Rest,kNN_predicted
GFI1B,ZSCAN18,0.6714753448264887,Rest,kNN_predicted
GLI1,SPP1,0.5130375367090144,Rest,kNN_predicted
GLI3,IL2,0.7481229521774866,Rest,kNN_predicted
GLIS1,LYZ,-0.9412586450077786,Rest,kNN_predicted
GLIS1,TOX2,0.5635853240765936,Rest,kNN_predicted
GLIS2,IL2,0.527739399183157,Rest,kNN_predicted
GLIS2,IL5,0.5153656836465182,Rest,kNN_predicted
GLMP,CCL4,0.6317914859242673,Rest,kNN_predicted
GLMP,IFNG,0.5090438746322457,Rest,kNN_predicted
GLMP,NR4A1,0.517924897011254,Rest,kNN_predicted
GRHL1,IL5,0.5039530716891109,Rest,kNN_predicted
GRHL3,DTX3,-0.5209685831245985,Rest,kNN_predicted
GSC,PMCH,0.5798380640841453,Rest,kNN_predicted
GSC2,GNLY,-0.5795131947254006,Rest,kNN_predicted
GTF2B,LYZ,-0.5158503836110315,Rest,kNN_predicted
GTF2B,PYROXD2,0.5221137062760861,Rest,kNN_predicted
GTF2B,TIMP2,0.539988457681156,Rest,kNN_predicted
GTF2IRD1,HHLA2,0.5179056710587157,Rest,kNN_predicted
GTF2IRD1,RGS6,0.5375624578182931,Rest,kNN_predicted
GTF2IRD1,TSHR,0.5107428053307685,Rest,kNN_predicted
GTF2IRD2,STON2,0.5515577458822016,Rest,kNN_predicted
HAND1,HMOX1,0.5926828185165615,Rest,kNN_predicted
HAND1,PMCH,0.5800113588445802,Rest,kNN_predicted
HES3,XCL2,0.5356055426030768,Rest,kNN_predicted
HES5,FAM20C,0.88307050931904,Rest,kNN_predicted
HES5,KIF26A,0.5061446408494943,Rest,kNN_predicted
HES5,MEST,0.5095413449709002,Rest,kNN_predicted
HES5,ZNF347,0.5134359883235751,Rest,kNN_predicted
HES5,ZNF844,0.6037784834571409,Rest,kNN_predicted
HES5,ZSCAN18,0.6535587319988595,Rest,kNN_predicted
HESX1,CCL1,0.5201257220883173,Rest,kNN_predicted
HESX1,CFH,0.5501909017784508,Rest,kNN_predicted
HEY1,ADAMTS1,-0.6743375951315073,Rest,kNN_predicted
HEY1,EOMES,0.5239947326605341,Rest,kNN_predicted
HEY1,GNLY,-0.6968805021255005,Rest,kNN_predicted
HEY1,LMNA,-0.6018678909172468,Rest,kNN_predicted
HEY1,LYZ,-1.4503512587546197,Rest,kNN_predicted
HEY1,NEDD4L,-0.5057174265057407,Rest,kNN_predicted
HEY1,RTKN2,-0.6394238697196375,Rest,kNN_predicted
HEYL,IFIT2,0.5519923836372405,Rest,kNN_predicted
HHEX,DOK5,0.6204100036450414,Rest,kNN_predicted
HHEX,GZMH,0.7049567569732903,Rest,kNN_predicted
HHEX,GZMK,0.7433961267829312,Rest,kNN_predicted
HHEX,LYZ,-0.9183761262696781,Rest,kNN_predicted
HIC1,BAIAP2L1,0.585590355884609,Rest,kNN_predicted
HIC1,IRF6,0.5322118606826013,Rest,kNN_predicted
HIC1,LSR,0.5578100834658254,Rest,kNN_predicted
HIC1,SPINT2,0.5454302760534814,Rest,kNN_predicted
HIC2,EOMES,0.5837720811343886,Rest,kNN_predicted
HIF1A,CRTAM,0.6806890207105158,Rest,kNN_predicted
HIF1A,ZNF677,0.5373375424099163,Rest,kNN_predicted
HIF1A,ZSCAN18,0.5310895571607303,Rest,kNN_predicted
HIVEP1,ATP9A,0.5014805602946205,Rest,kNN_predicted
HIVEP1,CCL1,0.6378918114065978,Rest,kNN_predicted
HIVEP1,COL6A2,0.5305438814248631,Rest,kNN_predicted
HIVEP1,CRTAM,0.5342688627777273,Rest,kNN_predicted
HIVEP1,GNG4,0.7061225702798712,Rest,kNN_predicted
HIVEP1,ZSCAN18,0.5012020766303947,Rest,kNN_predicted
HIVEP3,TTBK1,0.5140175219670998,Rest,kNN_predicted
HLF,GNG4,0.6224055975375042,Rest,kNN_predicted
HLF,PSD,0.511760991663723,Rest,kNN_predicted
HLF,RDH10,0.5374530141540149,Rest,kNN_predicted
HLF,SLC35G2,0.7843043311786896,Rest,kNN_predicted
HMBOX1,CTSW,0.5470834723048712,Rest,kNN_predicted
HMBOX1,FCER1G,0.5356676855665624,Rest,kNN_predicted
HMBOX1,FXYD2,0.6305728942573514,Rest,kNN_predicted
HMBOX1,PLXNA4,-0.5839154253964789,Rest,kNN_predicted
HMBOX1,TIMP2,0.5048441458462835,Rest,kNN_predicted
HMGA1,GZMK,0.505418632994178,Rest,kNN_predicted
HMGA1,LYZ,-0.502533238005691,Rest,kNN_predicted
HMGA2,ZSCAN18,0.5174017646043788,Rest,kNN_predicted
HOXA1,MT1G,0.563095127919219,Rest,kNN_predicted
HOXA1,MT1H,0.7386421388409297,Rest,kNN_predicted
HOXA10,GNG8,0.5374601040751389,Rest,kNN_predicted
HOXA10,SLC35G2,0.5075313445662801,Rest,kNN_predicted
HOXA11,BAIAP2L1,0.5578065274534356,Rest,kNN_predicted
HOXA11,IRF6,0.5069606199856751,Rest,kNN_predicted
HOXA11,LSR,0.5313443134946293,Rest,kNN_predicted
HOXA11,SPINT2,0.5195518764884046,Rest,kNN_predicted
HOXA2,FAM20C,0.6209830869595975,Rest,kNN_predicted
HOXA2,KIF26A,0.546075361482066,Rest,kNN_predicted
HOXA2,SPP1,0.5161346687673533,Rest,kNN_predicted
HOXA2,STAG3,0.5198515972652127,Rest,kNN_predicted
HOXA2,ZNF347,0.5539419373306562,Rest,kNN_predicted
HOXA2,ZNF844,0.6514117250270224,Rest,kNN_predicted
HOXA2,ZSCAN18,0.7051192327692004,Rest,kNN_predicted
HOXA3,GNLY,-0.900992208912107,Rest,kNN_predicted
HOXA3,SPP1,0.6223336044956175,Rest,kNN_predicted
HOXA5,IL2,0.5652074467122238,Rest,kNN_predicted
HOXA5,TIMP2,0.5132025605475443,Rest,kNN_predicted
HOXA7,ATP9A,0.5075396263240922,Rest,kNN_predicted
HOXA7,CCL1,0.8187171178215406,Rest,kNN_predicted
HOXA7,COL6A2,0.5369541008104298,Rest,kNN_predicted
HOXA7,CRTAM,0.5407240887094348,Rest,kNN_predicted
HOXA7,DSG2,0.5038863455098592,Rest,kNN_predicted
HOXA7,GNG4,0.5168656379976754,Rest,kNN_predicted
HOXB3,CCL1,0.6086101269482682,Rest,kNN_predicted
HOXB3,CRTAM,0.853782531920006,Rest,kNN_predicted
HOXB3,FASLG,0.7418709317881262,Rest,kNN_predicted
HOXB3,NR4A1,0.5297364169190016,Rest,kNN_predicted
HOXB3,SDC4,0.658074453416123,Rest,kNN_predicted
HOXB5,GNLY,-0.5506171447392721,Rest,kNN_predicted
HOXB5,STON2,0.5550880739532382,Rest,kNN_predicted
HOXB6,IL5,0.5083088515063054,Rest,kNN_predicted
HOXB9,GNLY,0.8978110113061921,Rest,kNN_predicted
HOXB9,WHRN,0.6561265598904112,Rest,kNN_predicted
HOXC10,IGHM,0.5582028005913033,Rest,kNN_predicted
HOXC11,CCL1,0.5176121109373759,Rest,kNN_predicted
HOXC11,CFH,0.5475319946582564,Rest,kNN_predicted
HOXC4,CCL1,0.6093321752094935,Rest,kNN_predicted
HOXC4,COL6A2,0.5067904173277425,Rest,kNN_predicted
HOXC4,CRTAM,0.5103486241423913,Rest,kNN_predicted
HOXC4,PMCH,0.5657160570487398,Rest,kNN_predicted
HOXC6,FBXL16,0.5212223616237757,Rest,kNN_predicted
HOXC6,LYZ,-0.5165810333077494,Rest,kNN_predicted
HOXC6,NTNG2,0.6089231632498582,Rest,kNN_predicted
HOXC6,TIMP2,0.5051033061239646,Rest,kNN_predicted
HOXD1,ATP9A,0.5181412949421099,Rest,kNN_predicted
HOXD1,CCL1,0.9802825393963677,Rest,kNN_predicted
HOXD1,COL6A2,0.5481701894557779,Rest,kNN_predicted
HOXD1,CRTAM,0.5520189262057617,Rest,kNN_predicted
HOXD1,DSG2,0.5144117030960832,Rest,kNN_predicted
HOXD1,GNG4,0.5276621116716199,Rest,kNN_predicted
HOXD10,FAM20C,0.574650377523398,Rest,kNN_predicted
HOXD10,KIF26A,0.5053316575308144,Rest,kNN_predicted
HOXD10,ZNF347,0.5126112934438339,Rest,kNN_predicted
HOXD10,ZNF844,0.6028086779991505,Rest,kNN_predicted
HOXD10,ZSCAN18,0.6525089681487457,Rest,kNN_predicted
HOXD12,CFH,0.5206908966118589,Rest,kNN_predicted
HOXD12,LTK,0.6026063870669233,Rest,kNN_predicted
HOXD13,FAM20C,0.6250112129970465,Rest,kNN_predicted
HOXD13,KIF26A,0.5496175841740962,Rest,kNN_predicted
HOXD13,ZNF347,0.5575351880775027,Rest,kNN_predicted
HOXD13,ZNF844,0.6556372322683359,Rest,kNN_predicted
HOXD13,ZSCAN18,0.7096931240726336,Rest,kNN_predicted
HOXD3,GZMH,0.7459522781293649,Rest,kNN_predicted
HOXD4,CCL1,0.6220703560829856,Rest,kNN_predicted
HOXD4,COL6A2,0.5173849473123997,Rest,kNN_predicted
HOXD4,CRTAM,0.5210175389762889,Rest,kNN_predicted
HOXD8,HHLA2,0.8062893015706852,Rest,kNN_predicted
HOXD8,LAG3,0.5766733155870629,Rest,kNN_predicted
HOXD8,LHFPL6,0.5361289918958041,Rest,kNN_predicted
HOXD8,PMCH,0.537098367499386,Rest,kNN_predicted
HOXD8,SPP1,0.6809609662557301,Rest,kNN_predicted
HOXD8,XCL1,0.7047239736251264,Rest,kNN_predicted
HOXD8,XCL2,0.7246306473131028,Rest,kNN_predicted
HOXD9,PTGIS,0.8007246065042849,Rest,kNN_predicted
HSF5,CCL1,0.5957313054000442,Rest,kNN_predicted
HSFX1,LHFPL6,0.5070412011634086,Rest,kNN_predicted
HSFX1,PMCH,0.5079579830906099,Rest,kNN_predicted
HSFX1,SPP1,0.6440152864234668,Rest,kNN_predicted
HSFY2,IL5,0.5867658831851981,Rest,kNN_predicted
IKZF2,LYZ,-0.8219384399550215,Rest,kNN_predicted
IKZF3,NEIL1,0.5136615087905119,Rest,kNN_predicted
IKZF4,CCL1,0.6549640557710918,Rest,kNN_predicted
IKZF4,CRTAM,0.9188096699225159,Rest,kNN_predicted
IKZF4,HMOX1,0.5304026742227739,Rest,kNN_predicted
IKZF4,TNFRSF9,0.6098826571528944,Rest,kNN_predicted
IKZF5,FAM20C,0.594058542904395,Rest,kNN_predicted
IKZF5,KIF26A,0.5223986616871147,Rest,kNN_predicted
IKZF5,KLRB1,0.5295007958027752,Rest,kNN_predicted
IKZF5,ZNF347,0.5299241590547499,Rest,kNN_predicted
IKZF5,ZNF844,0.6231678580733535,Rest,kNN_predicted
IKZF5,ZSCAN18,0.6745467192087786,Rest,kNN_predicted
INSM1,KLRB1,0.7036442850225342,Rest,kNN_predicted
INSM1,LTK,0.7726302519794056,Rest,kNN_predicted
IRF3,GNLY,-0.562373137199006,Rest,kNN_predicted
IRF7,MT1G,0.5648599953784125,Rest,kNN_predicted
IRF7,MT1H,0.7409572103274235,Rest,kNN_predicted
IRF8,ACE,-0.5166970985866017,Rest,kNN_predicted
IRF9,IL5,0.5003382034668713,Rest,kNN_predicted
IRX5,IL5,0.5063810574134928,Rest,kNN_predicted
IRX6,SPP1,0.5172414521069494,Rest,kNN_predicted
ISX,SPP1,0.513344435373714,Rest,kNN_predicted
JUN,KLRB1,0.5277212338331315,Rest,kNN_predicted
KCMF1,CCL1,0.6165076456761092,Rest,kNN_predicted
KCMF1,CRTAM,0.8648614858131193,Rest,kNN_predicted
KCMF1,IL5,0.5260508312146562,Rest,kNN_predicted
KDM2B,EPAS1,0.5629052335500675,Rest,kNN_predicted
KDM2B,LYZ,-0.9049411584225896,Rest,kNN_predicted
KDM5B,SIGLEC6,-0.6087465833962099,Rest,kNN_predicted
KLF1,GZMK,0.8649099855799356,Rest,kNN_predicted
KLF12,IGHM,0.5363855354884516,Rest,kNN_predicted
KLF12,SPP1,0.5007239383335934,Rest,kNN_predicted
KLF13,CCL1,0.6263510896775054,Rest,kNN_predicted
KLF13,CRTAM,0.8786702612018326,Rest,kNN_predicted
KLF13,HMOX1,0.8370923239608182,Rest,kNN_predicted
KLF14,IFIT3,0.5164112642342463,Rest,kNN_predicted
KLF15,LYZ,-1.0047481760203987,Rest,kNN_predicted
KLF16,IL22,0.5390838405189629,Rest,kNN_predicted
KLF17,GNLY,0.5033995825698564,Rest,kNN_predicted
KLF4,CSF2RB,-0.6005316163508582,Rest,kNN_predicted
KLF4,FAM20C,0.5795309769391694,Rest,kNN_predicted
KLF4,KIF26A,0.5096235217477056,Rest,kNN_predicted
KLF4,NRP2,-0.5117772792885867,Rest,kNN_predicted
KLF4,ZNF347,0.5169649847962736,Rest,kNN_predicted
KLF4,ZNF677,0.5252235909768914,Rest,kNN_predicted
KLF4,ZNF844,0.6079284304551467,Rest,kNN_predicted
KLF4,ZSCAN18,0.6580508332780394,Rest,kNN_predicted
KMT2A,GNLY,-0.84812915715943,Rest,kNN_predicted
L3MBTL1,OASL,0.5110638091272138,Rest,kNN_predicted
L3MBTL4,RTKN2,-0.5794696079003582,Rest,kNN_predicted
LBX1,RTKN2,-0.6139466820464119,Rest,kNN_predicted
LEF1,IL2,0.520966826070538,Rest,kNN_predicted
LHX2,TTBK1,0.5135697566268045,Rest,kNN_predicted
LHX6,KLRB1,0.6303738519059734,Rest,kNN_predicted
LHX9,MT1G,0.6195607900840624,Rest,kNN_predicted
LHX9,MT1H,0.8127111822486229,Rest,kNN_predicted
LIN28B,IL2,0.5203599422466231,Rest,kNN_predicted
LMX1A,FAM20C,0.6216733544374726,Rest,kNN_predicted
LMX1A,KIF26A,0.5466823636217628,Rest,kNN_predicted
LMX1A,ZNF347,0.5545576837366375,Rest,kNN_predicted
LMX1A,ZNF844,0.6521358161302026,Rest,kNN_predicted
LMX1A,ZSCAN18,0.7059030236398793,Rest,kNN_predicted
LMX1B,CCL4,0.5040172255042767,Rest,kNN_predicted
LMX1B,CTHRC1,0.7154576847454052,Rest,kNN_predicted
LMX1B,TBC1D30,0.6407357871829691,Rest,kNN_predicted
LTF,CCL1,0.5918136857271649,Rest,kNN_predicted
LTF,G0S2,0.5104658410123378,Rest,kNN_predicted
LTF,LYZ,-0.5280569778698061,Rest,kNN_predicted
LYL1,BAIAP2L1,0.5642694751261559,Rest,kNN_predicted
LYL1,GNLY,-0.5076805026082362,Rest,kNN_predicted
LYL1,IRF6,0.5128344486302686,Rest,kNN_predicted
LYL1,LSR,0.5375006604093754,Rest,kNN_predicted
LYL1,SPINT2,0.5255715919735169,Rest,kNN_predicted
MAFA,NTRK2,0.6369541536893135,Rest,kNN_predicted
MAFA,SIGLEC6,-0.6045809137255757,Rest,kNN_predicted
MAFA,STON2,0.5343879057910722,Rest,kNN_predicted
MAFF,B3GALT2,-0.5630074974755941,Rest,kNN_predicted
MAFF,CTSW,0.562161548956609,Rest,kNN_predicted
MAFF,FXYD2,0.7400818092600344,Rest,kNN_predicted
MAFF,IL13,0.5206854594704609,Rest,kNN_predicted
MAFF,PARD6G,0.5071308181724673,Rest,kNN_predicted
MAFF,PLXNA4,-0.5852042624033705,Rest,kNN_predicted
MAFF,PYROXD2,0.5161530689394971,Rest,kNN_predicted
MAFF,RAVER2,0.7550534945792513,Rest,kNN_predicted
MAFF,TIMP2,0.5338237557714163,Rest,kNN_predicted
MAFK,GNLY,-0.6851215055284605,Rest,kNN_predicted
MAZ,GZMK,0.5589845958650523,Rest,kNN_predicted
MAZ,MT1G,0.6028908435905769,Rest,kNN_predicted
MAZ,MT1H,0.7908443176252118,Rest,kNN_predicted
MBD1,GZMK,0.5228462059920317,Rest,kNN_predicted
MBD4,CCL1,0.7852026293083706,Rest,kNN_predicted
MBD4,CD200,0.6161893331828256,Rest,kNN_predicted
MBD4,CRTAM,1.1572437025844728,Rest,kNN_predicted
MBD4,EGR2,0.6850215988318485,Rest,kNN_predicted
MBD4,FASLG,0.5709950147328999,Rest,kNN_predicted
MBD4,GNG4,0.6156233143257593,Rest,kNN_predicted
MBD4,POU2AF1,0.512827912647888,Rest,kNN_predicted
MBD4,TNFRSF9,0.5455453303219944,Rest,kNN_predicted
MBD6,CCL1,0.6033375075957544,Rest,kNN_predicted
MBD6,CRTAM,0.8463858914414583,Rest,kNN_predicted
MBD6,LYZ,-0.8637716733619573,Rest,kNN_predicted
MECOM,ZSCAN18,0.5801576125705845,Rest,kNN_predicted
MEF2C,KLRB1,0.6359273894732204,Rest,kNN_predicted
MEF2C,LYZ,-0.9315744059694733,Rest,kNN_predicted
MEF2C,PLXND1,0.5559540382466278,Rest,kNN_predicted
MEIS1,KLRB1,0.519952937403505,Rest,kNN_predicted
MEIS1,PMCH,0.5857327818013393,Rest,kNN_predicted
MEOX1,IFNG,0.6095065416370101,Rest,kNN_predicted
MESP1,ZSCAN18,0.510118433271348,Rest,kNN_predicted
MESP2,ATP9A,0.537278086210131,Rest,kNN_predicted
MESP2,CCL1,0.683426873895768,Rest,kNN_predicted
MESP2,COL6A2,0.5684160540440053,Rest,kNN_predicted
MESP2,CRTAM,0.5724069382594563,Rest,kNN_predicted
MESP2,DSG2,0.5334107473414887,Rest,kNN_predicted
MESP2,GNG4,0.5471505403872488,Rest,kNN_predicted
MESP2,MEST,0.5036331027125985,Rest,kNN_predicted
MESP2,NR4A1,0.8879656757580773,Rest,kNN_predicted
MESP2,SHF,0.5118858136725877,Rest,kNN_predicted
MIXL1,IL5,0.5128092829100951,Rest,kNN_predicted
MLXIP,IL22,0.5258448720739248,Rest,kNN_predicted
MSANTD1,ZSCAN18,0.5119164695706265,Rest,kNN_predicted
MSC,IL3,0.7109644285434218,Rest,kNN_predicted
MSC,XIRP1,0.6197356880933297,Rest,kNN_predicted
MSGN1,LYZ,-0.9016030650300533,Rest,kNN_predicted
MTERF1,ZSCAN18,0.513678925798747,Rest,kNN_predicted
MTERF3,KLRB1,0.5071551509830892,Rest,kNN_predicted
MTERF3,NR4A1,0.516613169902251,Rest,kNN_predicted
MXI1,IL5,0.5005335526271812,Rest,kNN_predicted
MYBL1,MT1G,0.5605746496013827,Rest,kNN_predicted
MYBL1,MT1H,0.7353358919862137,Rest,kNN_predicted
MYF5,MT1G,0.5545064771764713,Rest,kNN_predicted
MYF5,MT1H,0.7273759441256185,Rest,kNN_predicted
MYF6,CCL1,0.9802409436468322,Rest,kNN_predicted
MYF6,CCL3,0.5365748641057879,Rest,kNN_predicted
MYF6,CHST2,0.6374949479905019,Rest,kNN_predicted
MYF6,COL6A2,0.5161616276399292,Rest,kNN_predicted
MYF6,CRTAM,0.5197856303008574,Rest,kNN_predicted
MYF6,GNG4,0.9721108874394261,Rest,kNN_predicted
MYF6,L1CAM,0.5167847791602694,Rest,kNN_predicted
MYF6,MEST,0.686398495597494,Rest,kNN_predicted
MYF6,SLC35G2,0.5495353251075173,Rest,kNN_predicted
MYF6,SYP,0.5301149286880852,Rest,kNN_predicted
MYOD1,ATP9A,0.5097655605538621,Rest,kNN_predicted
MYOD1,CCL1,0.6484304728050913,Rest,kNN_predicted
MYOD1,COL6A2,0.5393090391262136,Rest,kNN_predicted
MYOD1,CRTAM,0.5430955611925525,Rest,kNN_predicted
MYOD1,DSG2,0.5060962574186249,Rest,kNN_predicted
MYOD1,GNG4,0.5191324736419058,Rest,kNN_predicted
MYOG,GNLY,-0.5983826766755082,Rest,kNN_predicted
MYPOP,CCL1,0.599199574658814,Rest,kNN_predicted
MYPOP,CRTAM,0.8405810342703642,Rest,kNN_predicted
MYT1,PCSK6,0.6823285271067973,Rest,kNN_predicted
MZF1,IL22,0.5285654444366141,Rest,kNN_predicted
NANOGNB,LIF,0.6647575671101889,Rest,kNN_predicted
NANOGNB,LYZ,-0.9138018915588594,Rest,kNN_predicted
NANOGP8,CCL1,0.6358940335641886,Rest,kNN_predicted
NANOGP8,CRTAM,0.8920574830582897,Rest,kNN_predicted
NANOGP8,HMOX1,0.5149593980812748,Rest,kNN_predicted
NEUROD1,BAIAP2L1,0.58111118684886,Rest,kNN_predicted
NEUROD1,FBXL16,0.6491942084517073,Rest,kNN_predicted
NEUROD1,IRF6,0.5281409826996012,Rest,kNN_predicted
NEUROD1,LSR,0.5535434051836765,Rest,kNN_predicted
NEUROD1,SPINT2,0.541258290673073,Rest,kNN_predicted
NEUROD2,IL22,0.5604069222416269,Rest,kNN_predicted
NEUROG1,CCL1,0.9817163899631095,Rest,kNN_predicted
NEUROG1,COL6A2,0.5234487384540885,Rest,kNN_predicted
NEUROG1,CRTAM,0.5271239043700259,Rest,kNN_predicted
NEUROG1,DHRS3,0.5033241456021744,Rest,kNN_predicted
NEUROG1,GNG4,0.5038655366479241,Rest,kNN_predicted
NEUROG1,LAG3,0.6430547823503358,Rest,kNN_predicted
NEUROG1,LHFPL6,0.5087613907444081,Rest,kNN_predicted
NEUROG1,PMCH,0.509681282948872,Rest,kNN_predicted
NEUROG1,SPP1,0.6462001747188718,Rest,kNN_predicted
NEUROG2,BAIAP2L1,0.5775335106826313,Rest,kNN_predicted
NEUROG2,IL2,0.7479572821697081,Rest,kNN_predicted
NEUROG2,IRF6,0.524889423533344,Rest,kNN_predicted
NEUROG2,LSR,0.5501354531557047,Rest,kNN_predicted
NEUROG2,SPINT2,0.5379259733297856,Rest,kNN_predicted
NFE2L3,FUT7,-0.6723360159409789,Rest,kNN_predicted
NFE2L3,IL5,0.524646266172859,Rest,kNN_predicted
NFE2L3,LYZ,-0.689091830225292,Rest,kNN_predicted
NFE2L3,PARD6G,0.5203020361921387,Rest,kNN_predicted
NFE2L3,PLXNA4,-0.6013720073044546,Rest,kNN_predicted
NFE2L3,PYROXD2,0.533957498909452,Rest,kNN_predicted
NFE2L3,RAVER2,0.5205152356154391,Rest,kNN_predicted
NFE2L3,TIMP2,0.5522377268351911,Rest,kNN_predicted
NFE2L3,TOX2,0.5478643300697104,Rest,kNN_predicted
NFE4,CCL1,0.6630369934669245,Rest,kNN_predicted
NFE4,CRTAM,0.9301347085322764,Rest,kNN_predicted
NFE4,EGR2,0.5030178988559687,Rest,kNN_predicted
NFE4,HMOX1,0.5369402967151445,Rest,kNN_predicted
NFIA,PYROXD2,0.5331845564155048,Rest,kNN_predicted
NFIA,TIMP2,0.5514383223756536,Rest,kNN_predicted
NFIC,BAIAP2L1,0.5895877458510375,Rest,kNN_predicted
NFIC,IRF6,0.5358448753498136,Rest,kNN_predicted
NFIC,SPINT2,0.5491535230143861,Rest,kNN_predicted
NFIC,STON2,0.5481286120824231,Rest,kNN_predicted
NFIL3,LYZ,-0.735592670247358,Rest,kNN_predicted
NFIX,IL3,0.501576965537345,Rest,kNN_predicted
NFIX,NEIL1,0.5218250471217349,Rest,kNN_predicted
NFXL1,RTKN2,-0.6242980109606578,Rest,kNN_predicted
NFXL1,TIMP2,0.5054195959905259,Rest,kNN_predicted
NKRF,CFH,0.5128092346004754,Rest,kNN_predicted
NKRF,RTKN2,-0.5932578061639533,Rest,kNN_predicted
NKX1-1,CCL1,0.607230109893494,Rest,kNN_predicted
NKX1-1,CRTAM,0.8518465890183887,Rest,kNN_predicted
NKX1-1,FASLG,0.628290955313226,Rest,kNN_predicted
NKX1-2,TIMP2,0.5062001638380673,Rest,kNN_predicted
NKX2-1,LYZ,-1.3320847178424875,Rest,kNN_predicted
NKX2-3,DEPDC7,0.6360311339722012,Rest,kNN_predicted
NKX2-3,FAM20C,0.6542427199062314,Rest,kNN_predicted
NKX2-3,IFIT2,0.5208412307707326,Rest,kNN_predicted
NKX2-3,KIF26A,0.5753229633338627,Rest,kNN_predicted
NKX2-3,NEIL1,0.5216999764582024,Rest,kNN_predicted
NKX2-3,ZFP28,0.503620926559605,Rest,kNN_predicted
NKX2-3,ZNF347,0.5836108701828703,Rest,kNN_predicted
NKX2-3,ZNF844,0.6863011049900263,Rest,kNN_predicted
NKX2-3,ZSCAN18,0.7428851677165424,Rest,kNN_predicted
NKX2-5,BAIAP2L1,0.5798966777306022,Rest,kNN_predicted
NKX2-5,IRF6,0.5270371800991169,Rest,kNN_predicted
NKX2-5,LSR,0.5523865120999406,Rest,kNN_predicted
NKX2-5,SPINT2,0.5401270731982903,Rest,kNN_predicted
NKX2-6,CCL1,0.5298562006686119,Rest,kNN_predicted
NKX2-6,CFH,0.5604838378080962,Rest,kNN_predicted
NKX2-6,IL26,0.508652540880726,Rest,kNN_predicted
NKX2-8,BAIAP2L1,0.5803587976564331,Rest,kNN_predicted
NKX2-8,IRF6,0.5274571762672803,Rest,kNN_predicted
NKX2-8,LSR,0.5528267091622873,Rest,kNN_predicted
NKX2-8,SPINT2,0.5405575007082088,Rest,kNN_predicted
NKX3-2,IL5,0.5594227634472435,Rest,kNN_predicted
NKX6-2,CSF2RB,-0.5983953984684096,Rest,kNN_predicted
NKX6-2,HHLA2,0.5133886451981898,Rest,kNN_predicted
NKX6-2,RGS6,0.5333143034265271,Rest,kNN_predicted
NKX6-2,SIGLEC6,-0.7040470541622135,Rest,kNN_predicted
NKX6-2,TSHR,0.5058364393247936,Rest,kNN_predicted
NOBOX,PMCH,0.5823003107141208,Rest,kNN_predicted
NOTO,IL22,0.5411870970778856,Rest,kNN_predicted
NR1D2,PTGIS,0.5545043348435172,Rest,kNN_predicted
NR1H4,KLRB1,0.8174629016452029,Rest,kNN_predicted
NR1H4,PMCH,0.6010853255990813,Rest,kNN_predicted
NR2E1,KLRB1,0.5217354442687495,Rest,kNN_predicted
NR2F1,LYZ,-0.9247992097146448,Rest,kNN_predicted
NR2F1,TOX2,0.557871821887536,Rest,kNN_predicted
NR2F2,STON2,0.5557394666120812,Rest,kNN_predicted
NR4A3,GNLY,-0.5868932865734677,Rest,kNN_predicted
NR5A2,BVES,0.7255523143518516,Rest,kNN_predicted
NR5A2,EVI5L,-0.5670651978071494,Rest,kNN_predicted
NR5A2,STON2,0.5510186146372736,Rest,kNN_predicted
OLIG1,CCL1,0.6313107487774317,Rest,kNN_predicted
OLIG1,COL6A2,0.5250703160823658,Rest,kNN_predicted
OLIG1,CRTAM,0.5287568671949646,Rest,kNN_predicted
OLIG1,GNG4,0.5054264480072699,Rest,kNN_predicted
OLIG1,GNLY,0.5063896523683892,Rest,kNN_predicted
OLIG1,IL22,0.582986509004105,Rest,kNN_predicted
OLIG2,MT1G,0.5584583716546906,Rest,kNN_predicted
OLIG2,MT1H,0.7325598564792064,Rest,kNN_predicted
ONECUT1,KLRB1,0.5440636813126909,Rest,kNN_predicted
OTP,CSF2RB,-0.5785347707416965,Rest,kNN_predicted
OTX2,CCL1,0.6136873608569847,Rest,kNN_predicted
OTX2,CRTAM,0.8609050779142211,Rest,kNN_predicted
OVOL2,STON2,0.5309484174151867,Rest,kNN_predicted
PAX1,GNG4,0.6332970443243704,Rest,kNN_predicted
PAX1,SLC35G2,0.5071070107461202,Rest,kNN_predicted
PAX2,NEIL1,0.7785613103937095,Rest,kNN_predicted
PAX4,LYZ,-0.9361820353390173,Rest,kNN_predicted
PAX5,CCL1,0.5983955886403014,Rest,kNN_predicted
PAX5,CRTAM,0.5011886418938217,Rest,kNN_predicted
PAX6,LYZ,-0.9303713265622028,Rest,kNN_predicted
PAX6,RTKN2,-0.5869549426918185,Rest,kNN_predicted
PAX9,PMCH,1.000725139433229,Rest,kNN_predicted
PBX1,HLF,0.6131774581183789,Rest,kNN_predicted
PEG3,KLRB1,0.5283282574992547,Rest,kNN_predicted
PEG3,NR4A1,0.527654422928212,Rest,kNN_predicted
PGR,STON2,0.5472155923672106,Rest,kNN_predicted
PHOX2B,IL2,0.6584451563731837,Rest,kNN_predicted
PIN1,DMD,0.5362609548277657,Rest,kNN_predicted
PIN1,HLF,0.5278196737115711,Rest,kNN_predicted
PKNOX2,KLRB1,0.5416077221155,Rest,kNN_predicted
PLAG1,IL9R,-0.5083403145155427,Rest,kNN_predicted
PLAG1,IRX3,-0.6607235874439523,Rest,kNN_predicted
PLAG1,LYZ,-0.9803688702339362,Rest,kNN_predicted
PLAG1,ZBTB16,-0.5226277275789192,Rest,kNN_predicted
PLAGL1,ADAMTS1,-0.5136483242120106,Rest,kNN_predicted
PLAGL1,LYZ,-0.5051342267998294,Rest,kNN_predicted
PLAGL1,RTKN2,-0.6482713484830852,Rest,kNN_predicted
POU3F2,IL22,0.5383342994221869,Rest,kNN_predicted
POU3F3,IFIT2,0.5068361258262737,Rest,kNN_predicted
POU5F1B,NR4A1,0.5471411294731036,Rest,kNN_predicted
POU5F2,MT1G,0.6153781830115288,Rest,kNN_predicted
POU5F2,MT1H,0.8072246317870629,Rest,kNN_predicted
PPARG,GNLY,-0.5667317611518461,Rest,kNN_predicted
PRDM1,BAIAP2L1,0.5694627180673464,Rest,kNN_predicted
PRDM1,IL5,0.5072849842426769,Rest,kNN_predicted
PRDM1,IRF6,0.5175543103235722,Rest,kNN_predicted
PRDM1,KLRB1,0.8759575296182595,Rest,kNN_predicted
PRDM1,LSR,0.542447537094371,Rest,kNN_predicted
PRDM1,SPINT2,0.5304086797133711,Rest,kNN_predicted
PRDM10,GNLY,-0.7652969811733737,Rest,kNN_predicted
PRDM10,IFIT3,0.5450952830457606,Rest,kNN_predicted
PRDM16,FAM20C,0.6280741808407736,Rest,kNN_predicted
PRDM16,IL5,0.5034955040749597,Rest,kNN_predicted
PRDM16,KIF26A,0.5523110734294325,Rest,kNN_predicted
PRDM16,MAML3,0.5461692097957774,Rest,kNN_predicted
PRDM16,NEIL1,0.5008329101554218,Rest,kNN_predicted
PRDM16,ZNF347,0.5602674788225581,Rest,kNN_predicted
PRDM16,ZNF844,0.6588502878389048,Rest,kNN_predicted
PRDM16,ZSCAN18,0.7131710892238909,Rest,kNN_predicted
PRDM6,GNLY,-0.5730955253101487,Rest,kNN_predicted
PRDM6,IL3,0.7041688549858139,Rest,kNN_predicted
PRDM6,XIRP1,0.6167261142810404,Rest,kNN_predicted
PRDM8,CCL1,0.6229130529237858,Rest,kNN_predicted
PRDM8,CRTAM,0.8738472462790555,Rest,kNN_predicted
PRDM8,HMOX1,0.5044471466301661,Rest,kNN_predicted
PREB,ACE,-0.5168949803269351,Rest,kNN_predicted
PREB,GNLY,-0.8611643268293392,Rest,kNN_predicted
PROX1,FXYD2,0.6762548413690431,Rest,kNN_predicted
PROX1,GZMK,0.8460382154241012,Rest,kNN_predicted
PROX1,HLF,0.6991927737278398,Rest,kNN_predicted
PROX1,PYROXD2,0.5089861355508579,Rest,kNN_predicted
PROX1,TIMP2,0.5264114598283782,Rest,kNN_predicted
PROX2,STON2,0.549656453043342,Rest,kNN_predicted
PRRX1,PMCH,0.5846442552169183,Rest,kNN_predicted
PRRX2,GZMH,0.5050363618352351,Rest,kNN_predicted
PRRX2,LYZ,-0.9762665957371245,Rest,kNN_predicted
RAG1,RNF130,0.6303968872925632,Rest,kNN_predicted
RAG1,SPP1,0.5159251902441523,Rest,kNN_predicted
RBSN,STON2,0.5661583313564686,Rest,kNN_predicted
RFX4,SPP1,0.5195990847621087,Rest,kNN_predicted
RFX6,IL5,0.5003624013589411,Rest,kNN_predicted
RHOXF1,IL5,0.5156521310463235,Rest,kNN_predicted
RORA,STON2,0.5415867409966238,Rest,kNN_predicted
RORA,TCN2,0.576024609206919,Rest,kNN_predicted
RORB,PTGIS,0.6545665470187525,Rest,kNN_predicted
RORC,CCL1,0.5218075850589255,Rest,kNN_predicted
RORC,CFH,0.5519699826144291,Rest,kNN_predicted
RORC,CSF2,0.8642849144526595,Rest,kNN_predicted
RORC,IFNG,0.7643472562347007,Rest,kNN_predicted
RORC,IL2,0.6084446367858158,Rest,kNN_predicted
RORC,IL26,0.5009260128618537,Rest,kNN_predicted
RORC,IL3,0.6571728576497388,Rest,kNN_predicted
SAFB2,CCL1,0.6092325533972136,Rest,kNN_predicted
SAFB2,CRTAM,0.8546556965388389,Rest,kNN_predicted
SAFB2,IL3,0.5273917407975578,Rest,kNN_predicted
SAFB2,SDC4,0.5001747694258242,Rest,kNN_predicted
SALL1,CCL1,0.6103139759555645,Rest,kNN_predicted
SATB2,XCL2,0.5603645755451544,Rest,kNN_predicted
SCRT1,SPP1,0.5094162545081593,Rest,kNN_predicted
SCX,GNLY,-0.8808759812007736,Rest,kNN_predicted
SEBOX,SPP1,0.9224938461616291,Rest,kNN_predicted
SETDB2,CD101,0.5026425059852645,Rest,kNN_predicted
SETDB2,STON2,0.5422072759873888,Rest,kNN_predicted
SHOX,PMCH,0.6241030366084767,Rest,kNN_predicted
SIM1,GPR15,-0.5076178306654935,Rest,kNN_predicted
SIM1,LYZ,-0.9837952594816574,Rest,kNN_predicted
SIM1,SPP1,0.5373520352604307,Rest,kNN_predicted
SIX5,NEIL1,0.7511834511360157,Rest,kNN_predicted
SKIL,IL22,0.5691777053506372,Rest,kNN_predicted
SKOR2,CCL1,0.6104042758062831,Rest,kNN_predicted
SKOR2,CFH,0.6277511382377629,Rest,kNN_predicted
SKOR2,CRTAM,0.8562994354134102,Rest,kNN_predicted
SMAD1,CCL1,0.64563390624835,Rest,kNN_predicted
SMAD1,CRTAM,0.9057209644771071,Rest,kNN_predicted
SMAD1,HMOX1,0.5228469370580306,Rest,kNN_predicted
SMAD3,ARHGEF10,0.5624458042611605,Rest,kNN_predicted
SNAI1,CFH,0.513272930449628,Rest,kNN_predicted
SNAI2,PMCH,0.5771458077790257,Rest,kNN_predicted
SNAI3,TTBK1,0.5009756053500644,Rest,kNN_predicted
SNAPC2,GNLY,-0.5589488718141777,Rest,kNN_predicted
SNAPC2,IL22,0.5298927581975726,Rest,kNN_predicted
SNAPC2,IL5,0.5364036690509804,Rest,kNN_predicted
SNAPC4,IL5,0.518397801040985,Rest,kNN_predicted
SON,GNLY,-0.7252873128248906,Rest,kNN_predicted
SOX10,PLXNA4,0.5221366114654827,Rest,kNN_predicted
SOX12,HHLA2,0.5734370925751077,Rest,kNN_predicted
SOX12,LGMN,0.6831627691657841,Rest,kNN_predicted
SOX12,SPP1,0.6181487786826098,Rest,kNN_predicted
SOX12,STON2,0.5596146138589052,Rest,kNN_predicted
SOX13,IL5,0.5167577525380214,Rest,kNN_predicted
SOX14,GNG8,0.5339685385248311,Rest,kNN_predicted
SOX14,L1CAM,0.5013641532130334,Rest,kNN_predicted
SOX14,SLC35G2,0.5331374375632177,Rest,kNN_predicted
SOX14,SYP,0.5142965370597019,Rest,kNN_predicted
SOX18,IL2,0.5784323448597365,Rest,kNN_predicted
SOX2,GZMK,0.5094167729717205,Rest,kNN_predicted
SOX2,LHFPL6,0.5426655610340905,Rest,kNN_predicted
SOX2,PMCH,0.5436467554177601,Rest,kNN_predicted
SOX2,SPP1,0.6892633496442225,Rest,kNN_predicted
SOX21,LYZ,-0.9033344498837151,Rest,kNN_predicted
SOX3,MT1G,0.5541712048470385,Rest,kNN_predicted
SOX3,MT1H,0.726936149394271,Rest,kNN_predicted
SOX5,KLRB1,0.5397925824609312,Rest,kNN_predicted
SOX6,KLRB1,0.5317616653346482,Rest,kNN_predicted
SOX7,KLRG1,0.540110554951208,Rest,kNN_predicted
SOX8,IL22,0.5386937073760796,Rest,kNN_predicted
SOX9,GNLY,-0.8529065172917134,Rest,kNN_predicted
SOX9,LHFPL6,0.5479054287189442,Rest,kNN_predicted
SOX9,PMCH,0.548896097314933,Rest,kNN_predicted
SOX9,SPP1,0.6959187355973547,Rest,kNN_predicted
SP9,FAM20C,0.5879638015052786,Rest,kNN_predicted
SP9,KIF26A,0.5170391145713352,Rest,kNN_predicted
SP9,ZNF347,0.5244874041268729,Rest,kNN_predicted
SP9,ZNF844,0.6167744697641316,Rest,kNN_predicted
SP9,ZSCAN18,0.6676262096658975,Rest,kNN_predicted
SPI1,IL5,0.513963309462596,Rest,kNN_predicted
SPIB,ATP9A,0.5007682887739603,Rest,kNN_predicted
SPIB,CCL1,0.6369857899044675,Rest,kNN_predicted
SPIB,CHST2,0.5175714558439521,Rest,kNN_predicted
SPIB,COL6A2,0.5297903301865509,Rest,kNN_predicted
SPIB,CRTAM,0.5335100208096388,Rest,kNN_predicted
SPIB,ELAPOR1,0.7557854846920755,Rest,kNN_predicted
SPIB,GNG4,0.5099698775064311,Rest,kNN_predicted
SPIB,NR4A2,0.568075136611243,Rest,kNN_predicted
SPIB,TNIP3,0.5116533076720253,Rest,kNN_predicted
SREBF1,RTKN2,-0.5917025536508551,Rest,kNN_predicted
ST18,CCL4,0.5214051658060166,Rest,kNN_predicted
ST18,CTHRC1,0.7879823731672625,Rest,kNN_predicted
ST18,DNAJC12,0.5628955592129172,Rest,kNN_predicted
ST18,EPAS1,0.7506847001646261,Rest,kNN_predicted
ST18,HHLA2,0.7818531537494093,Rest,kNN_predicted
ST18,IL4I1,0.5329454467887907,Rest,kNN_predicted
ST18,LYZ,-0.9411215724138132,Rest,kNN_predicted
ST18,PMCH,0.9223312144415536,Rest,kNN_predicted
ST18,PRSS23,0.5445927178873933,Rest,kNN_predicted
ST18,SPP1,0.6324477739199504,Rest,kNN_predicted
STAT4,CCL1,0.5943850354943647,Rest,kNN_predicted
T,CD200,0.5280872902143375,Rest,kNN_predicted
T,IFIT2,0.5041835712290641,Rest,kNN_predicted
TAL1,IL5,0.5078179895948334,Rest,kNN_predicted
TAL1,PYROXD2,0.5132793471096759,Rest,kNN_predicted
TAL1,TIMP2,0.5308516510363047,Rest,kNN_predicted
TBP,LAG3,0.504754429783935,Rest,kNN_predicted
TBR1,NR4A1,0.5260064836959485,Rest,kNN_predicted
TBX1,ATP9A,0.5024032942516573,Rest,kNN_predicted
TBX1,CCL1,0.639065544711344,Rest,kNN_predicted
TBX1,CHST2,0.5054120180213492,Rest,kNN_predicted
TBX1,COL6A2,0.5315200924564555,Rest,kNN_predicted
TBX1,CRTAM,0.5352519278472542,Rest,kNN_predicted
TBX1,ELAPOR1,0.5558024413275898,Rest,kNN_predicted
TBX1,GNG4,0.5116349261164876,Rest,kNN_predicted
TBX10,PMCH,0.6303657341749445,Rest,kNN_predicted
TBX19,LYZ,-0.6772812133795,Rest,kNN_predicted
TBX2,L1CAM,0.5023672631424054,Rest,kNN_predicted
TBX2,SLC35G2,0.5342041182461352,Rest,kNN_predicted
TBX2,SYP,0.5153255216004994,Rest,kNN_predicted
TBX4,KLRB1,0.6137370019966347,Rest,kNN_predicted
TBX4,PMCH,0.6280784616422149,Rest,kNN_predicted
TCF20,CCL1,0.6111833599000638,Rest,kNN_predicted
TCF20,CRTAM,0.8573923656173523,Rest,kNN_predicted
TCF20,MGLL,0.5176579834650924,Rest,kNN_predicted
TCF20,MT1G,0.6167983870550534,Rest,kNN_predicted
TCF20,MT1H,0.8090875897497359,Rest,kNN_predicted
TCF21,LYZ,-0.9509024734080784,Rest,kNN_predicted
TCF23,GZMK,0.5188381605808604,Rest,kNN_predicted
TCF23,IL22,0.5432661769792793,Rest,kNN_predicted
TCF23,MT1G,0.5512305536011065,Rest,kNN_predicted
TCF23,MT1H,0.7230787391305613,Rest,kNN_predicted
TCF3,PMCH,0.6197541699098452,Rest,kNN_predicted
TCF4,DEPDC7,0.5850741671266715,Rest,kNN_predicted
TCF4,FAM20C,0.6034317224738882,Rest,kNN_predicted
TCF4,KIF26A,0.530641176707464,Rest,kNN_predicted
TCF4,NR4A1,0.5366706369755859,Rest,kNN_predicted
TCF4,ZNF347,0.5382854129418643,Rest,kNN_predicted
TCF4,ZNF555,0.7259098685511005,Rest,kNN_predicted
TCF4,ZNF677,0.5558047987685624,Rest,kNN_predicted
TCF4,ZNF844,0.6330003304877736,Rest,kNN_predicted
TCF4,ZSCAN18,0.6851898580082723,Rest,kNN_predicted
TCF7L2,BAIAP2L1,0.5686493666118494,Rest,kNN_predicted
TCF7L2,IRF6,0.5168150985398244,Rest,kNN_predicted
TCF7L2,LSR,0.5416727708457151,Rest,kNN_predicted
TCF7L2,SPINT2,0.5296511083079644,Rest,kNN_predicted
TEAD1,IL22,0.5249674016249645,Rest,kNN_predicted
TEAD2,ZSCAN18,0.5053152279540813,Rest,kNN_predicted
TERB1,FXYD2,0.6130346722579822,Rest,kNN_predicted
TERB1,GZMH,0.5219282712471851,Rest,kNN_predicted
TERB1,GZMK,1.2370294092709622,Rest,kNN_predicted
TET3,FXYD2,0.6828654783492468,Rest,kNN_predicted
TET3,LTK,0.5009598939913711,Rest,kNN_predicted
TET3,P2RY14,0.5383902580589224,Rest,kNN_predicted
TFAP2C,GNLY,-0.6857421488298587,Rest,kNN_predicted
TFAP2D,CCL1,0.6286672048630411,Rest,kNN_predicted
TFAP2D,CCL3,0.5038960061911306,Rest,kNN_predicted
TFAP2D,COL6A2,0.5228716422257988,Rest,kNN_predicted
TFAP2D,CRTAM,0.5265427563134815,Rest,kNN_predicted
TFAP2D,GNG4,0.5033100306749354,Rest,kNN_predicted
TFCP2L1,PMCH,0.6151574222988451,Rest,kNN_predicted
TFDP2,RTKN2,-0.6280661151582755,Rest,kNN_predicted
TGIF2LX,STON2,0.5290081544248759,Rest,kNN_predicted
THAP1,ADAMTS1,-0.5043837084744786,Rest,kNN_predicted
THAP10,FAM20C,0.6057540056576354,Rest,kNN_predicted
THAP10,KIF26A,0.5326833283467903,Rest,kNN_predicted
THAP10,MEST,0.5016772289742625,Rest,kNN_predicted
THAP10,ZNF347,0.5403569831228392,Rest,kNN_predicted
THAP10,ZNF844,0.6354364072932347,Rest,kNN_predicted
THAP10,ZSCAN18,0.6878267841519679,Rest,kNN_predicted
THAP2,IL22,0.5366666200888077,Rest,kNN_predicted
THAP2,MT1G,0.5576678183147606,Rest,kNN_predicted
THAP2,MT1H,0.7315228451805444,Rest,kNN_predicted
THAP6,EPAS1,0.738178490865788,Rest,kNN_predicted
THAP6,IL22,0.5629160770719408,Rest,kNN_predicted
THAP6,LYZ,-0.9242457186940143,Rest,kNN_predicted
THAP8,GNLY,-0.6907271887896719,Rest,kNN_predicted
THRB,LYZ,-0.9097326724700978,Rest,kNN_predicted
THRB,MGLL,0.5202188198347486,Rest,kNN_predicted
THYN1,DYNC2H1,0.5405993868033258,Rest,kNN_predicted
TIGD1,CFH,0.5110914260415441,Rest,kNN_predicted
TIGD1,PNLDC1,0.5623933290832235,Rest,kNN_predicted
TIGD2,CCL1,0.6040374831225406,Rest,kNN_predicted
TIGD2,COL6A2,0.502386745042677,Rest,kNN_predicted
TIGD2,CRTAM,0.5059140334022831,Rest,kNN_predicted
TIGD2,IL5,0.5047980603830963,Rest,kNN_predicted
TIGD2,MEST,0.7407977146513154,Rest,kNN_predicted
TIGD3,GNLY,-0.6839062461934434,Rest,kNN_predicted
TIGD6,TIMP2,0.5089835418055237,Rest,kNN_predicted
TIGD7,GZMH,0.5035469599637796,Rest,kNN_predicted
TIGD7,GZMK,0.535041383840478,Rest,kNN_predicted
TLX1,TIMP2,0.5046244512851342,Rest,kNN_predicted
TP63,DMD,0.5551109750875309,Rest,kNN_predicted
TP63,HLF,0.54447717015361,Rest,kNN_predicted
TSHZ2,KLRB1,0.7344457360870608,Rest,kNN_predicted
TSHZ3,IL22,0.5456025063349161,Rest,kNN_predicted
TTF1,LHFPL6,0.5769533076210387,Rest,kNN_predicted
TTF1,PMCH,0.5779964977287703,Rest,kNN_predicted
TTF1,SPP1,0.7328137216620032,Rest,kNN_predicted
TTF1,XCL2,0.7367730217366523,Rest,kNN_predicted
TWIST1,MT1G,0.5652615455948493,Rest,kNN_predicted
TWIST1,MT1H,0.7414839453247888,Rest,kNN_predicted
UNCX,MT1G,0.5947132269418742,Rest,kNN_predicted
UNCX,MT1H,0.7801172984191684,Rest,kNN_predicted
VSX1,IL5,0.5014339698935699,Rest,kNN_predicted
WT1,B3GALT2,-0.5761361074172262,Rest,kNN_predicted
WT1,GPR15,-0.5088072501790198,Rest,kNN_predicted
WT1,IL13,0.5309786434092456,Rest,kNN_predicted
XPA,IL22,0.5379510091810318,Rest,kNN_predicted
YBX2,ADAMTS1,-0.7594801693868176,Rest,kNN_predicted
YBX2,GNLY,-0.6354460734513924,Rest,kNN_predicted
YBX2,RTKN2,-0.5923995591884228,Rest,kNN_predicted
ZBED4,RTKN2,-0.5890847809902858,Rest,kNN_predicted
ZBED4,TIMP2,0.5101208459974846,Rest,kNN_predicted
ZBTB1,BAIAP2L1,0.579676186291397,Rest,kNN_predicted
ZBTB1,IRF6,0.5268367871829005,Rest,kNN_predicted
ZBTB1,LSR,0.5521764807241324,Rest,kNN_predicted
ZBTB1,SPINT2,0.5399217031723934,Rest,kNN_predicted
ZBTB10,PMCH,0.5796784318053918,Rest,kNN_predicted
ZBTB17,CCL1,0.6164655795214194,Rest,kNN_predicted
ZBTB17,CRTAM,0.8648024737354872,Rest,kNN_predicted
ZBTB20,LHFPL6,0.5032667173062612,Rest,kNN_predicted
ZBTB20,PMCH,0.5041766745837559,Rest,kNN_predicted
ZBTB20,SPP1,0.6392211487936569,Rest,kNN_predicted
ZBTB24,MT1G,0.5908375422034673,Rest,kNN_predicted
ZBTB24,MT1H,0.7750333544766437,Rest,kNN_predicted
ZBTB25,IL2,0.8135613306062509,Rest,kNN_predicted
ZBTB4,LHFPL6,0.5000026624898336,Rest,kNN_predicted
ZBTB4,PMCH,0.5009067180251064,Rest,kNN_predicted
ZBTB4,SPP1,0.6350753294940018,Rest,kNN_predicted
ZBTB46,SPP1,0.5010697835109468,Rest,kNN_predicted
ZBTB47,GNLY,-0.6526504343193581,Rest,kNN_predicted
ZBTB6,KLRB1,0.5206726216539772,Rest,kNN_predicted
ZEB2,GNLY,-0.5818619905340088,Rest,kNN_predicted
ZFHX4,BAIAP2L1,0.56447592253902,Rest,kNN_predicted
ZFHX4,IRF6,0.5130220776795339,Rest,kNN_predicted
ZFHX4,LSR,0.5376973140042371,Rest,kNN_predicted
ZFHX4,SPINT2,0.5257638811194317,Rest,kNN_predicted
ZFP2,P2RY14,0.5625076404380851,Rest,kNN_predicted
ZFP28,PMCH,0.6480048771095352,Rest,kNN_predicted
ZFP30,PMCH,0.5770940286716686,Rest,kNN_predicted
ZFP41,CSF2,0.6059859848912245,Rest,kNN_predicted
ZFP41,IFNG,0.5463631774737429,Rest,kNN_predicted
ZFP41,MT1G,0.5472987297311082,Rest,kNN_predicted
ZFP41,MT1H,0.7179211544723292,Rest,kNN_predicted
ZFP41,NR4A1,0.507387733547127,Rest,kNN_predicted
ZFP57,ADAMTS1,-0.5397495577567811,Rest,kNN_predicted
ZFP62,LYZ,-0.9505693302759353,Rest,kNN_predicted
ZFP69B,MT1G,0.5826142518152304,Rest,kNN_predicted
ZFP69B,MT1H,0.7642464225720424,Rest,kNN_predicted
ZFP91,KLRB1,0.5375013964314396,Rest,kNN_predicted
ZFP92,GNLY,-0.5743069464654325,Rest,kNN_predicted
ZFPM1,CCR2,-0.5272924362457493,Rest,kNN_predicted
ZGLP1,CD180,0.7475828945746492,Rest,kNN_predicted
ZGLP1,IL22,0.5415297140175793,Rest,kNN_predicted
ZGPAT,EOMES,0.5707562540047608,Rest,kNN_predicted
ZGPAT,RTKN2,-0.5867440413430123,Rest,kNN_predicted
ZIC3,ACTN1,0.5376898965960895,Rest,kNN_predicted
ZIC3,CYP1B1,-0.5140854338287383,Rest,kNN_predicted
ZIC4,GZMK,0.8981574481071319,Rest,kNN_predicted
ZIC5,BAIAP2L1,0.5693441932210496,Rest,kNN_predicted
ZIC5,CCL5,-0.5819156854106616,Rest,kNN_predicted
ZIC5,GNLY,-1.366957347641039,Rest,kNN_predicted
ZIC5,IRF6,0.5174465894085147,Rest,kNN_predicted
ZIC5,LSR,0.5423346350396475,Rest,kNN_predicted
ZIC5,SPINT2,0.5302982833603826,Rest,kNN_predicted
ZIM3,GZMK,0.5117921781852366,Rest,kNN_predicted
ZIM3,MT1G,0.5632521227968783,Rest,kNN_predicted
ZIM3,MT1H,0.7388480774585302,Rest,kNN_predicted
ZKSCAN2,RTKN2,-0.6157391469966826,Rest,kNN_predicted
ZKSCAN4,TEX29,0.6908384528675882,Rest,kNN_predicted
ZKSCAN4,TIMP2,0.5076899192211832,Rest,kNN_predicted
ZKSCAN7,LHFPL6,0.507925777612311,Rest,kNN_predicted
ZKSCAN7,PMCH,0.5088441589434655,Rest,kNN_predicted
ZKSCAN7,SPP1,0.6451388258001411,Rest,kNN_predicted
ZNF10,SIGLEC6,0.5000344384336657,Rest,kNN_predicted
ZNF10,SLC35G2,0.5158735349802485,Rest,kNN_predicted
ZNF112,SPP1,0.5098786978288563,Rest,kNN_predicted
ZNF121,TIMP2,0.516660015603475,Rest,kNN_predicted
ZNF131,CFH,0.5200766457395503,Rest,kNN_predicted
ZNF134,KLRB1,0.5208480053998676,Rest,kNN_predicted
ZNF135,FCGRT,-0.5729959772674856,Rest,kNN_predicted
ZNF135,STON2,0.5741156252259277,Rest,kNN_predicted
ZNF136,GNLY,-0.8799707158317497,Rest,kNN_predicted
ZNF136,IL22,0.5584588666085365,Rest,kNN_predicted
ZNF136,SPP1,0.627242786666255,Rest,kNN_predicted
ZNF138,CCL1,0.6784859917134729,Rest,kNN_predicted
ZNF138,CRTAM,0.9518071787304054,Rest,kNN_predicted
ZNF138,EGR2,0.5147383951691143,Rest,kNN_predicted
ZNF138,HMOX1,0.5494511969879621,Rest,kNN_predicted
ZNF143,IL22,0.5523787169136549,Rest,kNN_predicted
ZNF143,NTRK2,0.6388507765812264,Rest,kNN_predicted
ZNF143,STON2,0.5607724688253367,Rest,kNN_predicted
ZNF154,IFIT2,0.5043553173335656,Rest,kNN_predicted
ZNF165,G0S2,0.6332499175214626,Rest,kNN_predicted
ZNF169,MT1G,0.5632450966635709,Rest,kNN_predicted
ZNF169,MT1H,0.7388388609019013,Rest,kNN_predicted
ZNF169,RTKN2,-0.5874970329354091,Rest,kNN_predicted
ZNF17,FXYD2,0.6158583027747058,Rest,kNN_predicted
ZNF17,IKZF2,0.7012825333239253,Rest,kNN_predicted
ZNF17,KLRG1,0.5116198322363602,Rest,kNN_predicted
ZNF17,XCL2,0.6306384856217354,Rest,kNN_predicted
ZNF174,PMCH,0.6076878811394921,Rest,kNN_predicted
ZNF177,GNLY,-0.5654291725292755,Rest,kNN_predicted
ZNF197,BAIAP2L1,0.5668717574090701,Rest,kNN_predicted
ZNF197,GNLY,-0.5564640760955097,Rest,kNN_predicted
ZNF197,IRF6,0.5151995242874983,Rest,kNN_predicted
ZNF197,LSR,0.5399794910165517,Rest,kNN_predicted
ZNF197,SPINT2,0.5279954084344196,Rest,kNN_predicted
ZNF207,LYZ,-0.9768500905357977,Rest,kNN_predicted
ZNF208,PRG4,0.8574623068782902,Rest,kNN_predicted
ZNF208,STON2,0.5581937372964285,Rest,kNN_predicted
ZNF212,B3GALT2,-0.5675803840426767,Rest,kNN_predicted
ZNF212,GPR15,-0.5003882188327126,Rest,kNN_predicted
ZNF212,IL13,0.5232302379604357,Rest,kNN_predicted
ZNF212,SH3RF2,0.6178759215443596,Rest,kNN_predicted
ZNF214,G0S2,0.5469004888689556,Rest,kNN_predicted
ZNF217,TOX2,0.6668795974523981,Rest,kNN_predicted
ZNF219,STON2,0.541093716679422,Rest,kNN_predicted
ZNF223,IL3,0.5015458753344623,Rest,kNN_predicted
ZNF226,GNLY,0.8360882382419471,Rest,kNN_predicted
ZNF226,KLRB1,0.5234187098487404,Rest,kNN_predicted
ZNF233,IL22,0.5317450295016845,Rest,kNN_predicted
ZNF234,CCR6,0.6295853271281994,Rest,kNN_predicted
ZNF234,EPAS1,0.5518313238309427,Rest,kNN_predicted
ZNF234,IL22,0.5727407299090885,Rest,kNN_predicted
ZNF234,LYZ,-0.883749111423995,Rest,kNN_predicted
ZNF239,C19ORF18,0.5340597689287059,Rest,kNN_predicted
ZNF239,FAM20C,0.5891402173133352,Rest,kNN_predicted
ZNF239,KIF26A,0.5180736221145004,Rest,kNN_predicted
ZNF239,ZFP28,0.8508905502354652,Rest,kNN_predicted
ZNF239,ZNF229,0.7763424368394317,Rest,kNN_predicted
ZNF239,ZNF285,0.5445983775928529,Rest,kNN_predicted
ZNF239,ZNF329,0.5542272531580881,Rest,kNN_predicted
ZNF239,ZNF347,0.9239190170081241,Rest,kNN_predicted
ZNF239,ZNF555,0.7104312971601483,Rest,kNN_predicted
ZNF239,ZNF607,0.5542160560362984,Rest,kNN_predicted
ZNF239,ZNF610,0.6505679449989966,Rest,kNN_predicted
ZNF239,ZNF677,0.7035054901429291,Rest,kNN_predicted
ZNF239,ZNF793,0.8417820292951315,Rest,kNN_predicted
ZNF239,ZNF844,0.9724059720589296,Rest,kNN_predicted
ZNF239,ZNF883,0.6068853493717834,Rest,kNN_predicted
ZNF239,ZSCAN18,1.155563190864314,Rest,kNN_predicted
ZNF248,CCL1,0.9569617143229833,Rest,kNN_predicted
ZNF248,COL6A2,0.5093240806386031,Rest,kNN_predicted
ZNF248,CRTAM,0.5129000764598126,Rest,kNN_predicted
ZNF248,NR4A1,0.8888128538260442,Rest,kNN_predicted
ZNF250,IL22,0.5368297841194387,Rest,kNN_predicted
ZNF250,TIMP2,0.5087810137738626,Rest,kNN_predicted
ZNF251,IL5,0.5049691094658249,Rest,kNN_predicted
ZNF257,LYZ,-0.9409175484296799,Rest,kNN_predicted
ZNF266,SLC35G2,0.5129023233995151,Rest,kNN_predicted
ZNF273,CCL3,0.5962571234316236,Rest,kNN_predicted
ZNF273,SLC35G2,0.5046820781224587,Rest,kNN_predicted
ZNF276,CRTAM,0.878645727918988,Rest,kNN_predicted
ZNF276,GNG4,0.5729706551881347,Rest,kNN_predicted
ZNF276,HMOX1,0.5072171735218549,Rest,kNN_predicted
ZNF280A,ZSCAN18,0.5032138237608325,Rest,kNN_predicted
ZNF319,GNLY,-0.8694155474317719,Rest,kNN_predicted
ZNF320,NEIL1,0.5811314520676544,Rest,kNN_predicted
ZNF320,PYROXD2,0.5032911401604131,Rest,kNN_predicted
ZNF320,SLC16A14,0.551932442172642,Rest,kNN_predicted
ZNF320,SLC43A2,0.57844248489589,Rest,kNN_predicted
ZNF320,TIMP2,0.5205214942128011,Rest,kNN_predicted
ZNF320,TOX2,0.6775152128751666,Rest,kNN_predicted
ZNF320,TP73,0.6469094972667218,Rest,kNN_predicted
ZNF324,PYROXD2,0.5027545101212392,Rest,kNN_predicted
ZNF324,TIMP2,0.5199664924503198,Rest,kNN_predicted
ZNF324B,CCL1,0.6075210624899338,Rest,kNN_predicted
ZNF324B,COL6A2,0.5052840885824114,Rest,kNN_predicted
ZNF324B,CRTAM,0.5088317193699226,Rest,kNN_predicted
ZNF324B,NR4A1,0.8447168677327064,Rest,kNN_predicted
ZNF326,IL3,0.6721715861515579,Rest,kNN_predicted
ZNF329,CRTAM,0.6836360927371863,Rest,kNN_predicted
ZNF335,CSF2,0.6326893272853862,Rest,kNN_predicted
ZNF335,IFNG,0.9054259346458475,Rest,kNN_predicted
ZNF335,IL3,0.9096449341949696,Rest,kNN_predicted
ZNF335,SDC4,0.5271674191242657,Rest,kNN_predicted
ZNF347,DOK5,0.6531436287026098,Rest,kNN_predicted
ZNF347,EOMES,0.507111213269245,Rest,kNN_predicted
ZNF347,LYZ,-1.1927288200484631,Rest,kNN_predicted
ZNF347,PHLDA2,0.5113305662094978,Rest,kNN_predicted
ZNF358,RTKN2,-0.605158840968025,Rest,kNN_predicted
ZNF362,IL5,0.5257011927613652,Rest,kNN_predicted
ZNF365,ATP9A,0.5000485924081343,Rest,kNN_predicted
ZNF365,CCL1,0.9495153917477152,Rest,kNN_predicted
ZNF365,COL6A2,0.5290289237959455,Rest,kNN_predicted
ZNF365,CRTAM,0.5327432685377478,Rest,kNN_predicted
ZNF365,GNG4,0.5092369567609488,Rest,kNN_predicted
ZNF367,LHFPL6,0.5123094646627055,Rest,kNN_predicted
ZNF367,PMCH,0.513235772144739,Rest,kNN_predicted
ZNF367,SPP1,0.6507067391469715,Rest,kNN_predicted
ZNF382,LYZ,-0.9333025036903766,Rest,kNN_predicted
ZNF385A,HHLA2,0.5121162263263503,Rest,kNN_predicted
ZNF385A,RGS6,0.5006403979253917,Rest,kNN_predicted
ZNF385B,CCL1,0.6181896383838084,Rest,kNN_predicted
ZNF385B,CRTAM,1.2355744698799094,Rest,kNN_predicted
ZNF385B,HMOX1,0.5006220333565572,Rest,kNN_predicted
ZNF385B,PTGIS,0.6397740720220998,Rest,kNN_predicted
ZNF385B,TNFRSF9,0.5799629169980667,Rest,kNN_predicted
ZNF385B,ZBED2,0.5027958442392882,Rest,kNN_predicted
ZNF385C,EPHB6,0.5440717098872118,Rest,kNN_predicted
ZNF385C,P2RY14,0.5594920093989619,Rest,kNN_predicted
ZNF385C,SPP1,0.6211396436870915,Rest,kNN_predicted
ZNF385C,TOX2,0.6675878872450965,Rest,kNN_predicted
ZNF385C,XCL1,0.6734723757011477,Rest,kNN_predicted
ZNF385C,XCL2,0.6177080725593196,Rest,kNN_predicted
ZNF391,NR4A1,0.5236182047933722,Rest,kNN_predicted
ZNF408,BAIAP2L1,0.5576974345352961,Rest,kNN_predicted
ZNF408,IFIT2,0.5039857104875618,Rest,kNN_predicted
ZNF408,IRF6,0.5068614712473687,Rest,kNN_predicted
ZNF408,LSR,0.5312403959195506,Rest,kNN_predicted
ZNF408,SPINT2,0.5194502652172175,Rest,kNN_predicted
ZNF408,SPP1,0.5144061581540635,Rest,kNN_predicted
ZNF415,ADAMTS10,-0.5105034192884278,Rest,kNN_predicted
ZNF415,MAML3,0.543201101798282,Rest,kNN_predicted
ZNF415,STON2,0.5343618373071247,Rest,kNN_predicted
ZNF417,SPP1,0.520251171561205,Rest,kNN_predicted
ZNF423,FAM20C,0.5914722215479868,Rest,kNN_predicted
ZNF423,KIF26A,0.5201243221772832,Rest,kNN_predicted
ZNF423,ZNF347,0.5276170561838119,Rest,kNN_predicted
ZNF423,ZNF844,0.6204548050262877,Rest,kNN_predicted
ZNF423,ZSCAN18,0.6716099807229464,Rest,kNN_predicted
ZNF431,FAM20C,0.5919165919014739,Rest,kNN_predicted
ZNF431,KIF26A,0.5205150891828718,Rest,kNN_predicted
ZNF431,RNF212,0.6662638413497577,Rest,kNN_predicted
ZNF431,ZNF347,0.5280134524459198,Rest,kNN_predicted
ZNF431,ZNF844,0.6209209498611385,Rest,kNN_predicted
ZNF431,ZSCAN18,0.6721145582054835,Rest,kNN_predicted
ZNF433,IL2,0.5609828604990558,Rest,kNN_predicted
ZNF440,SLC35G2,0.5014645727997286,Rest,kNN_predicted
ZNF440,SYP,0.6805154114676291,Rest,kNN_predicted
ZNF443,CCL1,0.8477848520825421,Rest,kNN_predicted
ZNF443,CD200,0.5340067833872575,Rest,kNN_predicted
ZNF443,CD86,0.5081272535367298,Rest,kNN_predicted
ZNF443,CRTAM,0.9037560482743233,Rest,kNN_predicted
ZNF443,ENC1,0.5003223966284744,Rest,kNN_predicted
ZNF443,FASLG,0.5895244191509879,Rest,kNN_predicted
ZNF443,HMOX1,0.521712646853327,Rest,kNN_predicted
ZNF443,POU2AF1,0.528012221452287,Rest,kNN_predicted
ZNF446,LHFPL6,0.500178245155078,Rest,kNN_predicted
ZNF446,PMCH,0.5010826181616211,Rest,kNN_predicted
ZNF446,SPP1,0.6352983447444173,Rest,kNN_predicted
ZNF451,GNLY,-0.86159608109563,Rest,kNN_predicted
ZNF454,CFH,0.5115921435576694,Rest,kNN_predicted
ZNF462,CCL1,0.9532212899316328,Rest,kNN_predicted
ZNF462,CRTAM,0.9033652521850218,Rest,kNN_predicted
ZNF462,HMOX1,0.5214870513925621,Rest,kNN_predicted
ZNF467,PRG4,0.5064556344675755,Rest,kNN_predicted
ZNF467,STON2,0.5550632044667798,Rest,kNN_predicted
ZNF469,CCL1,0.6365485263632396,Rest,kNN_predicted
ZNF469,CRTAM,0.892975631630511,Rest,kNN_predicted
ZNF469,HMOX1,0.5154894191226088,Rest,kNN_predicted
ZNF471,BAIAP2L1,0.6172214951643888,Rest,kNN_predicted
ZNF471,IL22,0.557326963295501,Rest,kNN_predicted
ZNF471,IRF6,0.5609597171362335,Rest,kNN_predicted
ZNF471,LSR,0.5879406487397691,Rest,kNN_predicted
ZNF471,PYROXD2,0.5086404608262285,Rest,kNN_predicted
ZNF471,SPINT2,0.5748921359626908,Rest,kNN_predicted
ZNF471,TIMP2,0.5260539508046382,Rest,kNN_predicted
ZNF474,SLC35G2,0.5232473987701992,Rest,kNN_predicted
ZNF474,SYP,0.5047560089626999,Rest,kNN_predicted
ZNF48,IL22,0.5614328183492907,Rest,kNN_predicted
ZNF483,B3GALT2,-0.5681510076362954,Rest,kNN_predicted
ZNF483,FXYD2,0.6831041064270029,Rest,kNN_predicted
ZNF483,GPR15,-0.5275180934681662,Rest,kNN_predicted
ZNF483,LYZ,-0.9378697269345497,Rest,kNN_predicted
ZNF485,LHFPL6,0.5278668457696544,Rest,kNN_predicted
ZNF485,PMCH,0.528821282574908,Rest,kNN_predicted
ZNF485,SPP1,0.6704668517898922,Rest,kNN_predicted
ZNF487,SBF2,0.5934811665373579,Rest,kNN_predicted
ZNF488,NR4A1,0.5038916384772651,Rest,kNN_predicted
ZNF490,CCL1,0.6008726583169723,Rest,kNN_predicted
ZNF490,CRTAM,0.8429281026784089,Rest,kNN_predicted
ZNF490,GZMK,0.5054594712592523,Rest,kNN_predicted
ZNF506,EOMES,0.584401842237667,Rest,kNN_predicted
ZNF506,RTKN2,-0.6028421492188346,Rest,kNN_predicted
ZNF511,IL5,0.5021650352907816,Rest,kNN_predicted
ZNF521,PCSK6,0.779252886143788,Rest,kNN_predicted
ZNF521,SPP1,0.5082745670580482,Rest,kNN_predicted
ZNF529,GNLY,-0.5951516413414473,Rest,kNN_predicted
ZNF532,GNLY,-0.5839176553454044,Rest,kNN_predicted
ZNF532,IL2,0.8440957894283557,Rest,kNN_predicted
ZNF532,IL3,0.5159639494274926,Rest,kNN_predicted
ZNF534,IL5,0.5474307837111164,Rest,kNN_predicted
ZNF534,TOX2,0.539920472742649,Rest,kNN_predicted
ZNF544,IL2,0.5413612703115461,Rest,kNN_predicted
ZNF546,IL2,0.5522365873201516,Rest,kNN_predicted
ZNF547,PMCH,0.5008133966036895,Rest,kNN_predicted
ZNF547,SPP1,0.63495701179068,Rest,kNN_predicted
ZNF559,LHFPL6,0.519580797546656,Rest,kNN_predicted
ZNF559,LYZ,-0.6943422175811642,Rest,kNN_predicted
ZNF559,MAML3,0.5010041185240612,Rest,kNN_predicted
ZNF559,PMCH,0.5205202523361655,Rest,kNN_predicted
ZNF559,SPP1,0.6599423782216522,Rest,kNN_predicted
ZNF559,TOX2,0.552725150357897,Rest,kNN_predicted
ZNF559,XCL1,0.6836332730969911,Rest,kNN_predicted
ZNF559,XCL2,0.9922642043900283,Rest,kNN_predicted
ZNF560,GNLY,-0.5786447672589727,Rest,kNN_predicted
ZNF563,STON2,0.5468087969179345,Rest,kNN_predicted
ZNF563,ZFP28,0.571424992461246,Rest,kNN_predicted
ZNF565,CFH,0.5243632030229857,Rest,kNN_predicted
ZNF567,IL2,0.5059413314010965,Rest,kNN_predicted
ZNF568,IFIT3,0.5395548535482562,Rest,kNN_predicted
ZNF569,STON2,0.561154245847011,Rest,kNN_predicted
ZNF57,CCL1,0.6114280220019388,Rest,kNN_predicted
ZNF57,CRTAM,0.857735587360722,Rest,kNN_predicted
ZNF570,TOX2,0.6419025512126803,Rest,kNN_predicted
ZNF571,DEPDC7,0.638693489118147,Rest,kNN_predicted
ZNF577,ADAMTS1,-0.6978331972519186,Rest,kNN_predicted
ZNF577,MEST,0.5482889740387592,Rest,kNN_predicted
ZNF577,RTKN2,-0.5853180183789418,Rest,kNN_predicted
ZNF577,SLC35G2,0.5029816392618934,Rest,kNN_predicted
ZNF577,SYP,0.6805300487858423,Rest,kNN_predicted
ZNF578,ELAPOR1,0.5316826096932216,Rest,kNN_predicted
ZNF580,GNLY,-0.5304340045038918,Rest,kNN_predicted
ZNF580,IL22,0.522276175256338,Rest,kNN_predicted
ZNF585A,ZSCAN18,0.5443064395463704,Rest,kNN_predicted
ZNF585B,P2RY14,0.7866773766533185,Rest,kNN_predicted
ZNF585B,SPP1,0.6254268529618493,Rest,kNN_predicted
ZNF585B,XCL1,0.6715735690814513,Rest,kNN_predicted
ZNF585B,XCL2,0.6172589514223168,Rest,kNN_predicted
ZNF587,DHRS3,0.5125506958791769,Rest,kNN_predicted
ZNF587,P2RY14,0.5479502259883048,Rest,kNN_predicted
ZNF598,XCL2,0.54462069250483,Rest,kNN_predicted
ZNF599,BAIAP2L1,0.5759995160710297,Rest,kNN_predicted
ZNF599,IRF6,0.5234952575975266,Rest,kNN_predicted
ZNF599,LSR,0.5486742308972865,Rest,kNN_predicted
ZNF599,RTKN2,-0.6078167534946043,Rest,kNN_predicted
ZNF599,SPINT2,0.5364971808367698,Rest,kNN_predicted
ZNF605,PMCH,0.5666794559780364,Rest,kNN_predicted
ZNF609,CCL3,0.5315477001422316,Rest,kNN_predicted
ZNF609,L1CAM,0.5137920460090645,Rest,kNN_predicted
ZNF609,SLC35G2,0.546352931485399,Rest,kNN_predicted
ZNF609,SYP,0.5270449998027736,Rest,kNN_predicted
ZNF610,GZMK,0.7538240088297017,Rest,kNN_predicted
ZNF616,CCL1,0.7046315195789831,Rest,kNN_predicted
ZNF616,CRTAM,0.9884851668068309,Rest,kNN_predicted
ZNF616,EGR2,0.534573892465609,Rest,kNN_predicted
ZNF616,HMOX1,0.5706243556928413,Rest,kNN_predicted
ZNF624,CSF2,0.6294428938931891,Rest,kNN_predicted
ZNF624,IFNG,0.5679816178113316,Rest,kNN_predicted
ZNF624,NR4A1,0.5618312746829146,Rest,kNN_predicted
ZNF628,GNLY,-0.6643550894018238,Rest,kNN_predicted
ZNF628,RTKN2,-0.5971679800959672,Rest,kNN_predicted
ZNF629,STON2,0.541782112293035,Rest,kNN_predicted
ZNF630,DEPDC7,0.6506678649781801,Rest,kNN_predicted
ZNF630,FAM20C,0.6193159412898483,Rest,kNN_predicted
ZNF630,IFIT2,0.5482840496937689,Rest,kNN_predicted
ZNF630,IL22,0.5237062024377764,Rest,kNN_predicted
ZNF630,KIF26A,0.5446093196632641,Rest,kNN_predicted
ZNF630,ZNF347,0.5524547762122515,Rest,kNN_predicted
ZNF630,ZNF844,0.6496628879662264,Rest,kNN_predicted
ZNF630,ZSCAN18,0.7032262078217361,Rest,kNN_predicted
ZNF645,CFH,0.5271024583278957,Rest,kNN_predicted
ZNF645,MT1G,0.5627404261589806,Rest,kNN_predicted
ZNF645,MT1H,0.7381768574810975,Rest,kNN_predicted
ZNF660,CCL1,0.6410818743137694,Rest,kNN_predicted
ZNF660,CFH,0.6447532682445212,Rest,kNN_predicted
ZNF660,CRTAM,0.8993351927352292,Rest,kNN_predicted
ZNF660,HMOX1,0.5191606127628653,Rest,kNN_predicted
ZNF662,IKZF2,0.5682287402159336,Rest,kNN_predicted
ZNF667,NR4A1,0.5309316875771758,Rest,kNN_predicted
ZNF670,CCL1,0.6187747665453349,Rest,kNN_predicted
ZNF670,COL6A2,0.5146439576435828,Rest,kNN_predicted
ZNF670,CRTAM,0.5182573046497496,Rest,kNN_predicted
ZNF676,IL5,0.5020538974940462,Rest,kNN_predicted
ZNF678,LYZ,-0.9393981465736039,Rest,kNN_predicted
ZNF680,CCL1,0.5424272356437079,Rest,kNN_predicted
ZNF680,CFH,0.5737815248393522,Rest,kNN_predicted
ZNF680,EGR2,0.5004958677850317,Rest,kNN_predicted
ZNF680,IL26,0.5207205111592925,Rest,kNN_predicted
ZNF69,CCL1,0.6269660034627471,Rest,kNN_predicted
ZNF69,CRTAM,0.8795328867567319,Rest,kNN_predicted
ZNF69,HMOX1,0.5077293050714058,Rest,kNN_predicted
ZNF695,RTKN2,-0.5974507362333963,Rest,kNN_predicted
ZNF699,BAIAP2L1,0.5833910359405029,Rest,kNN_predicted
ZNF699,IRF6,0.5302130160159728,Rest,kNN_predicted
ZNF699,LSR,0.5557150987563579,Rest,kNN_predicted
ZNF699,SPINT2,0.5433817865724148,Rest,kNN_predicted
ZNF705A,NR4A1,0.5330629140460119,Rest,kNN_predicted
ZNF705E,G0S2,0.5761401212889877,Rest,kNN_predicted
ZNF708,CCL1,0.6195353793674654,Rest,kNN_predicted
ZNF708,CRTAM,0.8691089112543418,Rest,kNN_predicted
ZNF708,HMOX1,0.5017118406677423,Rest,kNN_predicted
ZNF708,TNFRSF9,0.5828085953709118,Rest,kNN_predicted
ZNF709,GZMH,0.5023575915060725,Rest,kNN_predicted
ZNF709,GZMK,0.5337776261453594,Rest,kNN_predicted
ZNF713,ZSCAN18,0.5382689816108478,Rest,kNN_predicted
ZNF716,MT1G,0.5621327497744527,Rest,kNN_predicted
ZNF716,MT1H,0.7373797357122598,Rest,kNN_predicted
ZNF726,FAM20C,0.6310908245472644,Rest,kNN_predicted
ZNF726,KIF26A,0.5549638265189732,Rest,kNN_predicted
ZNF726,NEIL1,0.5032384133467827,Rest,kNN_predicted
ZNF726,ZNF347,0.5629584465704746,Rest,kNN_predicted
ZNF726,ZNF844,0.6620147493546898,Rest,kNN_predicted
ZNF726,ZSCAN18,0.7165964538441632,Rest,kNN_predicted
ZNF727,ZSCAN18,0.507200240931584,Rest,kNN_predicted
ZNF728,ZSCAN18,0.5080962120958471,Rest,kNN_predicted
ZNF730,IL2,0.7219603033323988,Rest,kNN_predicted
ZNF737,LHFPL6,0.5037005485258834,Rest,kNN_predicted
ZNF737,PMCH,0.504611290214232,Rest,kNN_predicted
ZNF737,SPP1,0.6397721768689363,Rest,kNN_predicted
ZNF74,GNLY,-0.5625086693134513,Rest,kNN_predicted
ZNF740,CCL4,0.5272576100000597,Rest,kNN_predicted
ZNF740,IL22,0.5413567428346445,Rest,kNN_predicted
ZNF740,STON1,0.5207986463783573,Rest,kNN_predicted
ZNF746,IL22,0.5190558108130613,Rest,kNN_predicted
ZNF749,PRG4,0.563709647244908,Rest,kNN_predicted
ZNF749,STON2,0.553973327752671,Rest,kNN_predicted
ZNF750,HHLA2,0.5819255061784155,Rest,kNN_predicted
ZNF750,LHFPL6,0.5129329069639198,Rest,kNN_predicted
ZNF750,PMCH,0.5138603416928775,Rest,kNN_predicted
ZNF750,SPP1,0.6514986005800538,Rest,kNN_predicted
ZNF75D,CCL1,0.59872378640143,Rest,kNN_predicted
ZNF75D,CRTAM,0.5014635252540857,Rest,kNN_predicted
ZNF75D,ELAPOR1,0.5405399346459872,Rest,kNN_predicted
ZNF75D,SPP1,0.5067788706506574,Rest,kNN_predicted
ZNF761,GNLY,-0.5849627708244554,Rest,kNN_predicted
ZNF768,COL6A2,0.5246554005495636,Rest,kNN_predicted
ZNF768,PMCH,1.0668387093113332,Rest,kNN_predicted
ZNF77,AHRR,-0.5302320902903078,Rest,kNN_predicted
ZNF77,APBB2,0.658471982341595,Rest,kNN_predicted
ZNF77,CCL1,0.5007487311857652,Rest,kNN_predicted
ZNF77,CCR1,0.5367300891913674,Rest,kNN_predicted
ZNF77,COL6A3,0.6046454348068689,Rest,kNN_predicted
ZNF77,EPAS1,0.6443238900159571,Rest,kNN_predicted
ZNF77,F2RL3,-0.5693855184204474,Rest,kNN_predicted
ZNF77,FGFBP2,-0.596804867293955,Rest,kNN_predicted
ZNF77,FN1,0.6795082270183991,Rest,kNN_predicted
ZNF77,GNLY,-0.6168403682146815,Rest,kNN_predicted
ZNF77,GPR15,-0.6516284104953618,Rest,kNN_predicted
ZNF77,HIC1,-0.5705004018457066,Rest,kNN_predicted
ZNF77,IL9R,-0.5116870401056782,Rest,kNN_predicted
ZNF77,LMNA,-0.5348850808760748,Rest,kNN_predicted
ZNF77,LYZ,-1.1947950497798911,Rest,kNN_predicted
ZNF77,METRNL,0.5166864479489297,Rest,kNN_predicted
ZNF77,RCAN2,0.536557294047117,Rest,kNN_predicted
ZNF77,RCBTB2,-0.5290132702043308,Rest,kNN_predicted
ZNF77,RNF144A,-0.5043595842259002,Rest,kNN_predicted
ZNF77,SH3RF2,0.7320368281363175,Rest,kNN_predicted
ZNF77,TMEM98,0.6775661420927679,Rest,kNN_predicted
ZNF77,ZBTB16,-0.6223758073363433,Rest,kNN_predicted
ZNF771,TIMP2,0.5107727304984288,Rest,kNN_predicted
ZNF772,GNLY,0.5136496658450884,Rest,kNN_predicted
ZNF773,IFNG,0.5707035993611862,Rest,kNN_predicted
ZNF773,IL3,0.5127716288497639,Rest,kNN_predicted
ZNF773,NR4A1,0.5154511068262273,Rest,kNN_predicted
ZNF773,SDC4,0.5522326035782237,Rest,kNN_predicted
ZNF774,CYP1A1,0.6159061679305086,Rest,kNN_predicted
ZNF781,FAM20C,0.6002313962146357,Rest,kNN_predicted
ZNF781,KIF26A,0.5278268982583706,Rest,kNN_predicted
ZNF781,NEIL1,0.7433028144023908,Rest,kNN_predicted
ZNF781,TEX29,0.5841763531916391,Rest,kNN_predicted
ZNF781,TIMP2,0.5094722572368372,Rest,kNN_predicted
ZNF781,ZNF347,0.5354305929550265,Rest,kNN_predicted
ZNF781,ZNF844,0.6296431858360633,Rest,kNN_predicted
ZNF781,ZSCAN18,0.6815559239383705,Rest,kNN_predicted
ZNF782,IFIT2,0.5074653588719101,Rest,kNN_predicted
ZNF788,IFIT2,0.5032701856501063,Rest,kNN_predicted
ZNF788,SPP1,0.5086551852114064,Rest,kNN_predicted
ZNF789,MT1G,0.6245048728112089,Rest,kNN_predicted
ZNF789,MT1H,0.8191966012464408,Rest,kNN_predicted
ZNF789,PRG4,0.5206109747924469,Rest,kNN_predicted
ZNF789,STON2,0.5341744817641457,Rest,kNN_predicted
ZNF789,TCN2,0.530110452218284,Rest,kNN_predicted
ZNF791,ADAMTS1,-0.5809158192459203,Rest,kNN_predicted
ZNF799,GNLY,-0.6863428393335951,Rest,kNN_predicted
ZNF799,RTKN2,-0.5863698965439945,Rest,kNN_predicted
ZNF8,LYZ,-0.9475251944642009,Rest,kNN_predicted
ZNF80,IFIT2,0.5101047739195036,Rest,kNN_predicted
ZNF823,NR4A1,0.5131765996859332,Rest,kNN_predicted
ZNF83,KLRB1,0.6789597108535314,Rest,kNN_predicted
ZNF83,P2RY14,0.5552527831387072,Rest,kNN_predicted
ZNF83,SLC16A14,0.5314771874620272,Rest,kNN_predicted
ZNF841,CD200,0.5123428149854018,Rest,kNN_predicted
ZNF841,KLRB1,0.5173977076316606,Rest,kNN_predicted
ZNF845,MT1G,0.5804968798605424,Rest,kNN_predicted
ZNF845,MT1H,0.7614689519959572,Rest,kNN_predicted
ZNF845,SPP1,0.6297097459075524,Rest,kNN_predicted
ZNF845,XCL2,0.7707520056959221,Rest,kNN_predicted
ZNF850,KLRB1,0.5911536342619838,Rest,kNN_predicted
ZNF850,LYZ,-0.9386088355466857,Rest,kNN_predicted
ZNF850,RCAN2,0.5390259861571671,Rest,kNN_predicted
ZNF853,CCL1,0.8158721443171074,Rest,kNN_predicted
ZNF853,CD200,0.5133714850959356,Rest,kNN_predicted
ZNF853,CRTAM,0.8833116030905843,Rest,kNN_predicted
ZNF853,CXXC5,0.5019335554624663,Rest,kNN_predicted
ZNF853,EPOP,0.5472527986353395,Rest,kNN_predicted
ZNF853,FASLG,0.5678530204709537,Rest,kNN_predicted
ZNF853,FXYD2,0.6229453156188332,Rest,kNN_predicted
ZNF853,GZMK,0.5108325423990022,Rest,kNN_predicted
ZNF853,HMOX1,0.5099106504731946,Rest,kNN_predicted
ZNF853,METRNL,0.5909989925692586,Rest,kNN_predicted
ZNF853,POU2AF1,0.505947877755087,Rest,kNN_predicted
ZNF878,RTKN2,-0.5990348436465596,Rest,kNN_predicted
ZNF888,CCL1,0.5800621470553172,Rest,kNN_predicted
ZNF891,GZMK,0.933032502954897,Rest,kNN_predicted
ZNF98,ATP9A,0.5144314610242874,Rest,kNN_predicted
ZNF98,CCL1,0.6543655776497812,Rest,kNN_predicted
ZNF98,COL6A2,0.5442453520003702,Rest,kNN_predicted
ZNF98,CRTAM,0.5480665322242185,Rest,kNN_predicted
ZNF98,DSG2,0.5107285726401638,Rest,kNN_predicted
ZNF98,GNG4,0.5238841097672398,Rest,kNN_predicted
ZNF98,HMOX1,0.52218555519761,Rest,kNN_predicted
ZNF98,MEST,0.64599944942115,Rest,kNN_predicted
ZSCAN1,ADAMTS1,-0.5293108058137896,Rest,kNN_predicted
ZSCAN10,GNLY,-0.7899500386028844,Rest,kNN_predicted
ZSCAN10,GZMK,0.5117293355660805,Rest,kNN_predicted
ZSCAN20,RTKN2,-0.5878248747296613,Rest,kNN_predicted
ZSCAN23,CFH,0.5285203445922201,Rest,kNN_predicted
ZSCAN23,CSF2,0.7885538021168494,Rest,kNN_predicted
ZSCAN23,IFNG,0.8737897923406395,Rest,kNN_predicted
ZSCAN23,IL2,0.6437756116864709,Rest,kNN_predicted
ZSCAN23,IL3,1.1794545619140782,Rest,kNN_predicted
ZSCAN30,IFIT3,0.6470966537442459,Rest,kNN_predicted
ZSCAN31,CCL1,0.6205449215583663,Rest,kNN_predicted
ZSCAN31,CRTAM,1.2485634708412339,Rest,kNN_predicted
ZSCAN31,GNG4,0.5559923517087367,Rest,kNN_predicted
ZSCAN31,HMOX1,0.5025293876355132,Rest,kNN_predicted
ZSCAN31,POU2AF1,0.5399750813224824,Rest,kNN_predicted
ZSCAN31,PTGIS,0.6509644764524181,Rest,kNN_predicted
ZSCAN31,SLC43A2,0.5254531379308183,Rest,kNN_predicted
ZSCAN31,TNFRSF9,0.7972569466252842,Rest,kNN_predicted
ZSCAN32,PRG4,0.6634642805711023,Rest,kNN_predicted
ZSCAN4,LHFPL6,0.5446787261315217,Rest,kNN_predicted
ZSCAN4,PMCH,0.5456635605219078,Rest,kNN_predicted
ZSCAN4,SPP1,0.6918203590033538,Rest,kNN_predicted
ZSCAN5A,GNLY,-0.5917198877420555,Rest,kNN_predicted
ZSCAN5C,GNLY,0.5037527777519986,Rest,kNN_predicted
ZUFSP,IL5,0.5167223443926663,Rest,kNN_predicted
ZUFSP,NR4A1,0.5294036612855295,Rest,kNN_predicted
ZXDA,FAM20C,0.6051194723509365,Rest,kNN_predicted
ZXDA,KIF26A,0.5321253372966241,Rest,kNN_predicted
ZXDA,NEIL1,0.7426508365415971,Rest,kNN_predicted
ZXDA,TEX29,0.5773753571840574,Rest,kNN_predicted
ZXDA,TIMP2,0.5007142970995426,Rest,kNN_predicted
ZXDA,ZNF329,0.6352422153500628,Rest,kNN_predicted
ZXDA,ZNF347,0.5397909538434679,Rest,kNN_predicted
ZXDA,ZNF677,0.5544389773721374,Rest,kNN_predicted
ZXDA,ZNF844,0.6347707813775154,Rest,kNN_predicted
ZXDA,ZSCAN18,0.6871062787987923,Rest,kNN_predicted
ZZZ3,CCL1,0.6113871460596373,Rest,kNN_predicted
ZZZ3,CRTAM,0.8576782449604439,Rest,kNN_predicted
ZZZ3,SPP1,0.6197846427331745,Rest,kNN_predicted
